Jugador,Puesto,Equipo,Cotización (mill.),F1,F2,F3,F4,F5,F6,F7,F8,F9,F10,F11,F12,F13,F14,F15,F16,F17,F18,Acumulado,Promedio
"Luna, Carlos",DEL,TIG,6400000,5,13,11,5,11,3,0,9,4,3,5,5,21,8,26,5,4,16,154,9.06
"Pérez Guedes, Martín",VOL,OLI,1900000,0,0,0,4,5,6,5,12,12,5,6,5,4,5,6,23,12,4,114,7.6
"Bernardi, Lucas",VOL,NOB,4000000,0,5,5,4,9,12,6,12,7,6,11,6,11,7,5,5,5,6,122,7.18
"Hernández, Pablo",VOL,ARG,3000000,6,4,5,6,6,15,7,8,12,6,5,6,12,5,6,6,5,7,127,7.06
"Castro, Nicolás",VOL,ATR,4900000,0,12,5,5,5,4,4,4,13,4,5,4,5,17,5,13,5,18,128,7.53
"Pérez, Pablo",VOL,NOB,3000000,6,10,0,4,12,4,6,11,3,4,0,0,11,12,3,11,15,12,124,8.27
"Zapata, Martín",VOL,ALB,2500000,6,10,5,6,6,4,5,5,17,17,9,5,5,6,6,5,8,5,130,7.22
"Burdisso, Guillermo",DEF,ARS,4600000,8,2,6,5,9,8,17,8,5,7,0,0,17,7,6,5,6,8,124,7.75
"Gigliotti, Emmanuel",DEL,SLO,4200000,0,0,0,0,6,0,0,4,9,20,6,9,4,9,4,20,5,5,101,8.42
"Velázquez, Jorge",VOL,UNI,3400000,5,6,6,3,6,5,12,12,6,5,3,17,5,4,5,5,8,6,119,6.61
"Vergini, Santiago",DEF,NOB,3100000,2,8,4,0,8,8,8,8,5,22,4,0,7,15,2,2,5,3,111,6.94
"Castro, Lucas",VOL,RAC,4000000,4,6,0,5,32,17,4,5,5,2,6,0,5,0,3,5,4,9,112,7.47
"Garcé, Ariel",DEF,COL,3600000,8,4,5,5,5,12,7,3,8,4,8,5,8,6,13,5,4,8,118,6.56
"Urruti, Maximiliano",DEL,NOB,2300000,10,12,5,4,10,5,6,10,15,5,6,3,5,10,5,5,5,5,126,7
"Leguizamón, Luciano",DEL,ARS,4700000,4,11,10,7,6,9,11,8,9,3,0,6,6,0,0,5,9,22,126,8.4
"Morales, Diego",VOL,TIG,6000000,6,7,6,9,5,13,6,7,5,12,4,6,7,5,6,7,5,6,122,6.78
"Farías, Ernesto",DEL,IND,7200000,4,5,5,3,24,15,2,0,0,0,5,10,5,4,9,4,10,5,110,7.33
"Alcoba, Gerardo",DEF,COL,3100000,0,0,0,0,0,0,8,3,7,15,8,3,22,5,7,2,4,8,92,7.08
"Erramuspe, Rodrigo",DEF,UNI,3000000,7,7,5,5,5,25,5,5,3,5,15,7,3,4,7,5,0,0,113,7.06
"Aguirre, Nicolás",VOL,ARS,3400000,5,4,5,3,0,0,5,6,10,5,6,5,6,18,12,5,4,7,106,6.63
"Insaurralde, Juan M.",DEF,BOC,5100000,7,7,8,3,0,8,5,8,13,16,3,2,0,0,6,19,5,4,114,7.6
"Romagnoli, Leandro",VOL,SLO,5200000,6,5,0,4,9,6,4,5,0,8,0,5,11,5,5,7,13,11,104,6.93
"Sarulyte, Matías",DEF,EST,2000000,5,7,8,0,15,0,7,4,5,3,4,3,5,7,18,5,5,7,108,6.75
"Correa, Nicolás",DEF,UNI,3100000,7,9,2,15,7,6,8,3,0,8,3,7,3,5,8,14,7,8,120,7.06
"Cambiasso, Nicolás",ARQ,ALB,4800000,14,9,8,9,3,4,9,2,9,5,4,5,9,10,14,4,5,4,127,7.06
"Barovero, Marcelo",ARQ,VEL,5500000,5,9,4,9,9,3,5,9,5,5,9,9,3,9,0,10,4,7,114,6.71
"Echeverría, Mariano",DEF,TIG,5600000,6,0,2,0,9,5,6,3,6,16,2,0,0,6,6,15,4,9,95,6.79
"Figueroa, Víctor",VOL,NOB,3800000,6,4,4,2,5,5,9,0,0,0,11,5,11,13,12,4,6,5,102,6.8
"Domínguez, Eduardo",DEF,ALB,4500000,5,7,8,7,3,4,4,4,8,7,5,6,9,13,6,0,16,1,113,6.65
"Mouche, Pablo",DEL,BOC,5500000,16,4,5,10,5,6,9,10,6,5,4,0,9,5,7,12,4,4,121,7.12
"Fontanini, Fabricio",DEF,ATR,3300000,8,3,6,5,3,2,20,5,4,5,6,7,14,3,0,6,5,5,107,6.29
"Ortíz, Jorge",VOL,ARS,4100000,0,5,5,5,15,11,4,0,11,2,0,0,5,6,13,4,6,8,100,7.14
"Matos, Mauro",DEL,ALB,5100000,5,6,5,5,4,10,3,-1,5,9,5,10,4,9,10,5,12,-1,105,5.83
"Martínez, Román",VOL,TIG,6000000,7,6,6,5,5,0,5,7,5,5,3,6,6,1,6,5,22,8,108,6.35
"Monserrat, Fabián",VOL,IND,500000,0,0,0,0,5,10,4,17,4,7,5,7,3,6,4,2,4,5,83,5.93
"González, Esteban",VOL,BEL,3500000,5,5,5,3,5,0,5,7,24,3,0,6,5,7,6,3,5,7,101,6.31
"Ferreyra, Osmar",VOL,IND,4200000,0,2,0,0,11,6,4,0,5,6,4,18,5,4,5,4,6,5,85,6.07
"Galmarini, Martín",VOL,TIG,3300000,5,5,5,11,12,6,4,6,5,6,17,2,8,5,4,0,3,4,108,6.35
"López, Lisandro",DEF,ARS,5600000,6,5,0,5,8,0,0,0,5,5,4,5,7,8,6,6,20,8,98,7
"Ojeda, Luis",ARQ,ARG,3000000,0,0,0,0,0,9,3,6,2,14,6,9,7,5,10,2,0,8,81,6.75
"Sara, Guillermo",ARQ,ATR,4000000,15,4,5,4,4,5,4,3,3,6,3,14,8,5,8,11,3,4,109,6.06
"Campestrini, Cristian",ARQ,ARS,5000000,14,4,2,9,9,9,8,19,3,0,4,1,3,5,3,4,5,8,110,6.47
"Riquelme, Juan R.",VOL,BOC,12500000,7,5,17,0,15,0,11,0,11,0,5,6,0,9,0,14,5,4,109,9.08
"Pérez, Claudio",DEF,BEL,3500000,7,-1,0,11,4,3,12,12,5,5,0,3,4,9,6,5,6,5,96,6
"Maggiolo, Ezequiel",DEL,TIG,3900000,0,0,0,0,0,4,4,5,4,5,5,7,17,4,5,5,11,3,79,6.08
"Higuaín, Federico",DEL,COL,4700000,6,5,9,5,3,11,6,5,5,5,6,4,6,5,5,5,9,4,104,5.78
"Martínez, Juan M.",DEL,VEL,12000000,5,6,9,5,5,10,3,0,0,0,4,16,7,5,0,16,9,4,104,7.43
"Carrera, Sebastián",VOL,ATR,3800000,5,6,0,0,0,1,10,5,17,6,5,4,6,6,5,3,6,4,89,5.93
"Pozo, Diego",ARQ,COL,4700000,9,3,3,1,0,5,9,3,8,0,0,4,9,14,9,3,5,9,94,5.88
"Pérez, Damián A.",DEF,ARS,3000000,0,4,5,5,7,0,5,7,4,5,5,4,6,14,5,2,5,8,91,5.69
"Olave, Juan C.",ARQ,BEL,4300000,8,1,9,9,3,3,4,16,5,9,6,6,4,5,9,5,2,0,104,6.12
"Pellerano, Hernán",DEF,NOB,4500000,6,7,3,-1,0,8,16,8,5,8,6,2,6,6,3,4,0,5,92,5.75
"Rolle, Martín",VOL,OLI,5400000,5,7,5,14,6,5,13,0,7,5,6,3,5,5,5,4,7,6,108,6
"Tagliafico, Nicolás",DEF,BAN,2400000,5,4,6,3,0,5,7,7,6,5,15,2,4,6,5,5,6,3,94,5.53
"Buffarini, Julio",VOL,SLO,3000000,0,0,0,0,0,0,5,6,9,8,11,7,4,11,4,6,0,5,76,6.91
"Farré, Guillermo",VOL,BEL,3500000,0,0,4,6,6,4,4,0,4,2,5,17,5,6,6,5,6,6,86,5.73
"Carrusca, Marcelo",VOL,SMA,4000000,0,4,0,6,5,4,4,10,4,5,4,13,0,5,6,6,4,6,86,5.73
"Peratta, Sebastián",ARQ,NOB,5500000,6,9,2,3,10,8,9,9,5,7,4,4,6,4,2,2,3,3,96,5.33
"Saja, Sebastián",ARQ,RAC,6500000,10,5,7,14,10,10,1,4,5,0,9,2,12,4,3,9,5,2,112,6.22
"Erviti, Walter",VOL,BOC,10000000,6,4,7,0,0,17,5,7,5,3,17,10,0,0,0,7,5,0,93,7.75
"Romero, Silvio",DEL,LAN,4800000,5,5,6,0,4,4,0,5,5,5,0,15,5,5,5,11,5,6,91,6.07
"Mugni, Lucas",VOL,COL,700000,0,0,0,0,0,4,11,5,5,5,6,5,6,6,4,5,5,7,74,5.69
"Jara, Diego",DEL,UNI,3000000,6,3,3,10,15,3,11,4,10,5,5,0,7,4,5,5,0,0,96,6.4
"Fernández, Gastón",DEL,EST,8300000,4,4,10,6,6,4,0,5,7,11,2,3,4,0,10,5,9,7,97,6.06
"García, Diego",DEL,SMA,2000000,0,0,0,5,0,0,0,0,0,5,6,6,20,4,6,6,4,15,77,7.7
"Bovaglio, Lucas",DEF,ATR,3200000,8,2,6,6,5,2,5,4,6,5,3,7,6,5,8,8,3,5,94,5.22
"Bastía, Adrián",VOL,COL,3600000,2,0,11,3,5,7,10,0,5,11,4,3,6,3,3,5,4,6,88,5.5
"Castaño, Diego",VOL,TIG,4500000,11,8,0,5,7,5,5,6,5,11,4,0,5,4,3,6,5,6,96,6
"DELaya, Emilio",DEL,ARS,4600000,4,5,9,3,0,0,4,0,0,4,4,4,16,10,11,6,0,13,93,7.15
"Caire, Maximiliano",DEF,COL,1900000,0,0,7,4,4,0,0,5,7,6,8,4,8,5,7,5,5,7,82,5.86
"Rosales, Paulo",VOL,UNI,4800000,6,6,0,3,0,6,12,6,6,5,4,5,3,2,6,7,4,5,86,5.38
"Marchesín, Agustín",ARQ,LAN,5000000,5,10,2,2,5,6,4,3,5,10,9,4,0,5,1,9,2,8,90,5.29
"Pavone, Mariano",DEL,LAN,6200000,16,0,4,6,0,0,11,0,4,6,6,11,0,12,2,10,4,5,97,7.46
"Goltz, Paolo D.",DEF,LAN,4700000,6,9,4,3,0,0,16,0,5,8,8,7,0,6,3,6,4,7,92,6.57
"Papa, Emiliano",DEF,VEL,4900000,6,10,6,8,7,4,0,8,5,6,5,7,5,7,0,6,6,4,100,6.25
"Moreno, Giovanni",VOL,RAC,10000000,6,5,1,5,0,0,3,4,6,3,5,5,12,4,3,15,5,5,87,5.44
"Chávez, Andrés",DEL,BAN,300000,5,4,15,10,6,6,10,21,-1,0,3,3,5,4,6,2,4,0,103,6.44
"Torrén, Miguel",DEF,ARG,3000000,7,4,3,6,7,0,5,7,4,5,0,7,7,6,4,8,2,7,89,5.56
"Iberbia, Raúl",DEF,EST,3200000,5,5,8,8,7,2,15,4,4,4,0,0,6,5,7,6,4,5,95,5.94
"Donnet, Matías",VOL,UNI,3600000,6,5,4,6,6,6,5,5,4,5,3,5,4,11,0,5,5,5,90,5.29
"Pelletieri, Agustín",VOL,RAC,4800000,5,6,7,3,7,6,5,4,6,6,11,6,7,4,3,4,0,0,90,5.63
"Rojas, Ariel",VOL,GOD,5000000,6,6,5,6,4,7,3,0,6,5,5,6,5,4,7,6,6,5,92,5.41
"Carniello, Oscar",DEF,ATR,3100000,7,2,5,3,4,0,5,4,3,5,15,6,0,5,7,5,3,6,85,5.31
"García, Javier",ARQ,TIG,4300000,10,3,13,10,10,4,5,3,3,5,0,4,9,4,5,4,4,8,104,6.12
"Salgueiro, Juan",DEL,SLO,5000000,4,3,0,2,6,5,5,4,2,6,4,9,5,4,5,5,4,4,77,4.53
"Andújar, Mariano",ARQ,EST,6000000,4,3,9,11,15,5,6,1,2,3,2,2,2,7,9,6,0,8,95,5.59
"Boselli, Mauro",DEL,EST,8500000,9,4,4,5,2,10,9,4,10,11,10,3,5,4,0,0,0,0,90,6.43
"Prediger, Sebastián",VOL,COL,4300000,5,2,5,2,0,5,0,10,5,0,5,5,5,12,5,4,4,7,81,5.4
"M. y Fabianesi, Iván",VOL,COL,5000000,0,5,12,21,1,0,12,5,4,13,11,2,0,0,6,4,3,6,105,7.5
"Domínguez, Sebastián",DEF,VEL,5000000,5,16,6,8,6,5,5,5,2,0,7,9,5,6,0,8,5,4,102,6.38
"Gandín, Darío",DEL,ATR,5100000,13,4,0,9,6,5,5,4,10,4,10,5,8,5,5,0,0,0,93,6.64
"Orion, Agustín",ARQ,BOC,6200000,10,13,10,9,-2,8,2,9,5,3,5,9,0,9,9,9,0,1,109,6.81
"Carbonero, Carlos",VOL,ARS,3000000,4,6,7,6,6,4,4,6,0,0,0,0,0,13,12,5,7,9,89,6.36
"Giménez, Matias",VOL,BEL,3000000,5,2,3,4,13,6,5,4,0,3,12,5,1,5,0,0,6,6,80,5.33
"Quinteros, Marcelo",VOL,BAN,3300000,4,4,5,5,3,4,5,6,4,4,4,4,12,4,5,4,5,2,84,4.67
"Rodríguez, Patricio",VOL,IND,4500000,4,5,4,0,6,4,6,6,4,11,5,5,4,4,4,4,3,0,79,4.94
"Fritzler, Matías",VOL,LAN,4600000,13,0,3,5,6,0,5,7,0,7,6,5,0,12,3,6,6,3,87,6.21
"Desábato, Leandro",DEF,EST,5000000,4,4,11,6,0,6,5,2,0,0,5,3,6,20,9,3,0,7,91,6.07
"Ortiz, Fernando",DEF,VEL,5000000,4,8,5,7,8,5,5,7,0,6,7,6,0,0,6,7,5,4,90,6
"Schiavi, Rolando",DEF,BOC,6900000,8,4,0,0,4,7,4,6,6,4,4,6,0,8,0,10,6,1,78,5.57
"Lértora, Federico",VOL,GOD,2100000,3,0,0,5,3,2,6,6,6,5,11,6,2,6,4,0,6,2,73,4.87
"Landa, Lucas",DEF,SMA,3700000,8,4,6,6,5,5,6,5,4,3,4,7,6,4,6,5,5,0,89,5.24
"Avendaño, Juan",DEF,UNI,4000000,5,7,4,4,8,6,5,3,0,6,3,8,0,-1,0,9,6,12,85,5.67
"Turus, Gastón",DEF,BEL,4300000,7,4,7,8,5,4,5,8,4,7,3,0,2,4,8,5,5,5,91,5.35
"Villalba, Hernán",VOL,NOB,2000000,0,0,0,0,0,6,3,7,5,4,5,3,6,7,5,3,5,5,64,4.92
"Viola, Valentín",DEL,RAC,2500000,0,6,5,5,6,0,0,0,0,0,7,10,6,8,6,5,10,6,80,6.67
"Bogado, Mauro",VOL,SMA,3000000,11,5,8,6,6,5,3,3,13,4,0,4,5,2,5,3,6,5,94,5.53
"Ibáñez, Nelson",ARQ,GOD,3500000,0,14,3,6,5,5,5,5,5,6,9,5,4,6,4,2,2,1,87,5.12
"Fuertes, Esteban",DEL,COL,8600000,0,0,9,2,4,-2,0,0,5,0,10,2,10,4,4,4,3,20,75,5.36
"Obolo, Mauro I.",DEL,VEL,9000000,10,9,6,6,1,6,5,5,5,5,5,5,3,4,0,5,10,5,95,5.59
"Sánchez Miño, J. M.",VOL,BOC,900000,0,0,0,17,7,5,5,8,0,0,6,0,6,6,11,0,5,4,80,7.27
"Ceballos, Lucas",DEF,GOD,2100000,0,8,0,0,5,5,2,5,5,4,9,3,0,5,6,5,5,4,71,5.07
"Mancinelli, Federico",DEF,OLI,2800000,0,4,5,4,5,5,11,4,4,3,6,4,5,6,5,5,0,0,76,5.07
"Orban, Lucas",DEF,TIG,2900000,5,7,8,9,9,4,3,5,3,6,8,7,0,-1,0,6,4,9,92,5.75
"Fissore, Matías",VOL,ATR,3000000,13,5,4,0,0,4,6,5,4,0,16,5,4,4,0,5,5,5,85,6.07
"Pérez García, Matías",VOL,ALB,3400000,2,0,0,0,0,0,5,2,0,0,12,11,5,0,7,5,12,4,65,6.5
"Nervo, Hugo M.",DEF,ARS,3400000,7,5,5,0,7,0,5,8,4,5,6,2,6,6,3,0,5,6,80,5.33
"Marcone, Iván",VOL,ARS,3500000,5,5,5,5,5,6,3,0,5,6,5,2,5,6,3,5,5,7,83,4.88
"Bordagaray, Fabián",DEL,ARG,3800000,5,3,4,8,6,4,5,20,5,3,4,0,0,0,0,5,6,5,83,5.93
"Sabia, Juan",DEF,ARG,3900000,7,5,3,0,6,7,5,7,0,1,0,7,7,3,5,7,1,7,78,5.2
"Regueiro, Mario",VOL,LAN,8600000,0,5,3,4,0,4,11,0,5,9,0,0,0,3,6,4,16,5,75,5.77
"Zuculini, Bruno",VOL,RAC,2100000,0,0,0,0,3,5,4,4,4,-1,0,5,3,3,5,5,10,12,62,4.77
"Lollo, Luciano",DEF,BEL,2700000,0,3,6,8,0,3,5,7,3,0,6,5,4,4,7,6,6,6,79,5.27
"Alvarado, Pablo",VOL,SLO,2800000,0,6,4,5,10,5,2,6,5,6,4,5,5,3,5,3,3,0,77,4.81
"Aveldaño, Lucas",DEF,RAC,3700000,0,0,0,3,5,8,3,6,4,0,7,4,17,4,0,0,0,4,65,5.42
"Alvarez, Cristian",VOL,SMA,3000000,0,0,0,0,0,5,8,5,5,0,0,6,3,5,6,8,4,6,61,5.55
"Bella, Iván",VOL,VEL,3500000,0,0,5,0,17,11,0,11,0,0,0,6,5,0,6,0,5,0,66,8.25
"Penco, Sebastián",DEL,SMA,4000000,4,5,11,6,5,4,4,4,4,4,0,4,3,9,5,10,5,0,87,5.44
"Migliore, Pablo",ARQ,SLO,4500000,0,0,0,0,0,0,0,3,3,10,3,9,9,4,5,4,2,9,61,5.55
"Pellegrino, Maximiliano",DEF,COL,4600000,6,5,5,4,0,3,8,3,8,3,8,5,7,3,8,3,2,0,81,5.06
"Tuzzio, Eduardo",DEF,IND,5000000,6,6,3,5,5,7,2,6,3,0,7,6,0,5,0,7,5,8,81,5.4
"Parra, Facundo",DEL,IND,6200000,0,5,0,4,0,0,0,10,8,20,5,0,9,4,5,0,0,0,70,7.78
"Ortigoza, Néstor",VOL,SLO,8000000,0,13,0,4,9,6,5,4,4,1,3,3,5,4,4,5,5,3,78,4.88
"Laba, Matías",VOL,ARG,3000000,0,0,0,6,4,6,4,3,5,5,5,5,6,6,5,5,1,0,66,4.71
"Escudero, Sergio",DEF,ARG,3600000,7,5,2,5,7,0,0,5,2,5,5,7,7,0,5,8,0,9,79,5.27
"Velázquez, Julián",DEF,IND,4500000,4,7,1,0,5,9,3,6,9,5,0,8,-1,0,4,4,6,2,72,4.8
"Mercado, Gabriel",DEF,EST,5300000,4,5,8,14,8,3,5,5,3,4,0,1,0,7,5,4,0,15,91,6.07
"Zapata, Víctor",VOL,VEL,5300000,6,5,5,5,6,12,4,0,0,0,11,0,4,5,0,6,7,5,81,6.23
"Reta, Alejandro",DEF,BAN,500000,0,0,0,0,7,0,7,13,0,0,5,4,4,5,3,5,6,0,59,5.9
"Caprari, Gastón",DEL,SMA,2800000,10,6,15,4,13,4,4,4,4,4,2,0,2,4,0,10,0,8,94,6.27
"Barzola, Pablo",DEF,ARG,3000000,0,0,5,16,5,6,2,5,3,7,0,7,5,0,4,10,5,0,80,6.15
"Franzoia, Andrés",DEL,OLI,3500000,5,20,7,10,5,3,6,9,5,4,1,0,2,0,5,0,15,4,101,6.73
"Graciani, Gabriel",VOL,COL,1200000,5,4,4,4,4,5,6,6,5,5,3,4,7,5,3,5,0,0,75,4.69
"Affranchino, Facundo",VOL,SMA,3000000,0,4,6,4,6,6,5,5,5,13,4,0,0,0,6,3,0,5,72,5.54
"Rosada, Ariel",VOL,OLI,3400000,4,4,5,5,6,3,0,2,2,2,6,6,5,5,7,6,3,5,76,4.47
"Izquierdoz, Carlos",DEF,LAN,3700000,0,8,0,2,5,6,0,5,4,0,0,16,7,5,0,7,3,0,68,6.18
"Carignano, César",DEL,ATR,3900000,5,6,5,4,0,5,4,2,6,4,4,4,0,0,0,5,10,14,78,5.57
"Bareiro, Néstor",DEL,OLI,4300000,4,10,4,0,0,0,5,4,0,10,0,0,0,7,20,3,5,4,76,6.33
"Cahais, Matías",DEF,RAC,4700000,6,5,2,0,7,5,1,6,0,0,8,4,7,4,3,6,4,3,71,4.73
"Bottinelli, Jonathan",DEF,SLO,4900000,5,7,14,7,0,0,0,0,0,9,6,8,9,6,3,7,3,7,91,7
"Pillud, lván",DEF,RAC,5000000,7,0,4,5,7,8,4,2,4,4,6,4,4,0,3,7,4,1,74,4.63
"Serrano, Walter",VOL,ATR,3400000,5,5,3,4,5,3,5,4,6,3,0,2,5,5,5,5,5,4,74,4.35
"Martínez, Matías",DEF,RAC,4500000,7,3,0,6,6,7,1,3,14,1,0,0,0,4,4,7,5,5,73,5.21
"Roncaglia, Facundo",DEF,BOC,4800000,7,6,0,7,25,8,4,0,5,5,0,0,6,2,0,0,1,1,77,6.42
"Bueno, Carlos",DEL,SLO,5400000,9,5,6,0,0,3,10,0,0,0,10,0,5,6,4,11,3,5,77,5.92
"Nagüel, Sergio",VOL,ARG,700000,0,0,0,0,0,0,5,0,0,0,4,0,13,10,6,5,4,9,56,7
"Araujo, Carlos",DEF,LAN,3000000,0,0,0,5,0,0,6,0,0,13,7,6,0,5,3,7,2,7,61,6.1
"Rodríguez, Juan P.",VOL,ALB,3900000,0,9,8,11,3,11,3,4,12,4,0,0,0,0,6,4,7,2,84,6
"Sigali, Leonardo",DEF,GOD,4600000,6,18,3,-1,0,5,5,4,6,0,0,6,5,5,6,5,6,3,82,5.13
"Silva, Santiago",DEL,BOC,11000000,0,0,0,6,5,3,4,14,5,6,6,9,0,0,0,0,4,0,62,6.2
"Iñíguez, Gaspar",VOL,ARG,900000,6,4,5,11,4,6,7,4,6,2,0,5,5,6,5,5,0,0,81,5.4
"Ferrari, Jonathan",DEF,ALB,2500000,0,0,0,0,0,0,0,0,7,5,6,3,7,0,8,4,15,0,55,6.88
"Soto, Carlos",DEF,ALB,2800000,5,7,8,8,5,3,0,0,7,6,4,6,6,7,1,0,5,5,83,5.53
"Quiroga, Facundo",DEF,ALB,3900000,0,0,5,0,5,4,7,2,0,0,5,3,8,8,8,0,0,5,60,5
"Bologna, Enrique",ARQ,UNI,5000000,9,9,5,3,10,2,3,0,0,0,4,9,0,2,9,0,8,8,81,5.79
"Sperduti, Mauricio",VOL,NOB,5300000,4,6,5,0,0,13,5,5,4,5,5,4,6,3,5,0,0,0,70,5.38
"Cvitanich, Darío",DEL,BOC,7900000,10,4,9,4,0,0,0,6,10,5,4,7,0,4,0,11,5,3,82,6.31
"Zapata, Duván",DEL,EST,1900000,0,0,0,0,0,0,0,0,0,0,8,5,0,6,10,15,4,6,54,7.71
"Grabinski, Cristian",DEF,SMA,3600000,9,4,8,6,3,4,3,6,4,3,5,8,6,0,0,0,7,5,81,5.4
"Caffa, Juan P.",VOL,ARS,3800000,5,14,5,4,5,5,5,5,5,5,6,5,3,6,0,4,0,0,82,5.47
"Mansanelli, César",VOL,BEL,4000000,5,8,0,0,0,0,6,4,5,5,6,5,4,3,5,5,6,0,67,5.15
"Pratto, Lucas",DEL,VEL,4000000,0,0,0,0,0,0,5,4,10,15,5,0,5,0,0,0,5,5,54,6.75
"Lucchetti, Cristian",ARQ,BAN,4200000,2,0,-1,5,2,3,8,5,7,3,5,2,2,3,2,5,6,1,60,3.33
"Pizarro, Guido",VOL,LAN,4500000,6,9,5,0,4,0,7,6,6,0,6,5,0,0,4,5,6,5,74,5.69
"Insúa, Federico",VOL,VEL,6000000,5,18,7,5,6,13,4,0,0,5,5,13,4,4,0,0,0,0,89,7.42
"Meza, Fernando",DEF,SLO,2900000,0,0,7,4,4,5,4,2,2,5,0,8,6,7,5,0,5,0,64,4.92
"Villar, Diego",VOL,GOD,5400000,6,4,4,5,2,5,5,9,0,4,5,3,2,0,5,6,3,4,72,4.5
"Leone, Ramiro",VOL,TIG,3900000,6,6,5,5,0,0,0,0,5,5,6,5,6,5,7,3,5,5,74,5.29
"Gómez, Jonatan",VOL,BAN,4000000,0,2,0,4,0,0,4,14,6,4,3,3,5,5,3,5,0,0,58,4.83
"López, Víctor",DEF,NOB,4800000,3,7,6,4,8,8,8,9,3,0,0,5,0,0,0,0,5,6,72,6
"Jara, Leonardo",VOL,EST,1300000,0,0,5,6,7,5,1,0,0,0,5,4,4,5,6,4,5,5,62,4.77
"Ibáñez, Matías",ARQ,OLI,2000000,4,5,2,3,7,2,5,0,3,3,5,1,3,6,4,2,4,6,65,3.61
"Tonso, Martín",VOL,NOB,2300000,0,0,5,0,12,0,0,0,5,6,5,13,0,0,5,0,0,5,56,7
"Godoy, Fernando",VOL,IND,2700000,5,5,0,0,5,5,5,5,5,3,5,0,4,3,0,0,5,6,61,4.69
"Velázquez, Maximiliano",DEF,LAN,3700000,0,7,1,0,5,5,0,4,3,7,5,0,0,3,0,7,5,7,59,4.92
"Sánchez, Nicolás",DEF,GOD,5600000,6,9,5,2,5,5,6,5,0,1,0,5,5,2,4,3,6,4,73,4.56
"Miguez, Pablo",VOL,UNI,2500000,5,5,5,3,4,5,5,5,3,5,3,0,2,0,4,5,5,4,68,4.25
"Gabbarini, Adrián",ARQ,IND,4100000,0,0,0,0,0,0,0,9,5,5,7,9,0,1,1,9,4,0,50,5
"Prósperi, Gonzalo",DEF,ARG,4200000,7,4,0,6,5,7,0,5,0,7,4,4,0,6,0,0,5,7,67,5.58
"Ledesma, Pablo",VOL,BOC,5000000,0,0,0,2,12,3,0,11,3,6,5,5,0,0,0,0,5,0,52,5.78
"Valeri, Diego",VOL,LAN,8000000,7,4,0,0,6,0,5,5,6,4,0,4,0,3,3,5,5,4,61,4.69
"Zbrun, Martín",DEF,ATR,3000000,8,5,5,3,0,4,5,3,5,5,5,0,5,4,6,3,4,0,70,4.67
"Alayes, Agustín",DEF,BAN,3000000,2,3,5,5,0,0,0,0,2,5,5,4,6,5,4,0,15,3,64,4.57
"Villafáñez, Lucas",VOL,IND,2500000,0,0,0,0,0,0,0,5,3,8,6,4,5,4,4,4,0,5,48,4.8
"Musto, Damián",VOL,OLI,2800000,4,4,0,5,3,5,6,4,5,4,3,3,6,0,0,5,4,0,61,4.07
"Braghieri, Diego",DEF,LAN,3000000,16,0,4,0,0,0,5,0,0,8,7,0,0,15,6,0,0,7,68,8.5
"Cerro, Francisco",VOL,VEL,3500000,4,7,7,4,7,7,4,0,5,6,0,7,0,0,0,0,9,3,70,5.83
"Milito, Gabriel",DEF,IND,5500000,4,5,4,2,2,8,0,6,0,4,6,8,2,0,4,0,0,8,63,4.85
"Palomino, José L.",DEF,SLO,2500000,0,5,5,4,5,5,5,5,5,7,5,0,0,5,0,0,0,5,61,5.08
"Dos Santos, Mauro",DEF,BAN,3000000,4,3,6,6,5,5,6,6,2,6,4,6,0,0,0,2,4,1,66,4.4
"Morales, Juan J.",DEL,ARG,3400000,5,4,0,0,7,4,0,0,0,0,0,5,4,8,4,0,10,5,56,5.6
"Fredes, Hernán",VOL,IND,3700000,0,5,3,2,6,5,5,7,6,0,0,0,0,0,0,6,6,6,57,5.18
"Sosa, Franco",DEF,BOC,3900000,0,4,5,7,4,0,0,8,0,3,0,8,0,7,7,5,5,0,63,5.25
"Pocrnjic, Luciano",ARQ,SMA,4000000,9,2,6,5,5,4,4,4,3,2,5,9,5,0,2,4,0,0,69,4.31
"Ramírez, Rubén",DEL,GOD,9800000,5,5,-1,0,2,0,9,3,0,2,3,0,0,0,8,4,15,1,56,4.67
"Verón, Juan S.",VOL,EST,12500000,4,0,6,0,0,0,0,4,0,0,0,0,0,7,11,6,7,12,57,7.13
"Paparatto, Norberto",DEF,TIG,2900000,7,6,0,0,0,0,0,0,4,4,7,3,8,5,5,3,0,7,59,5.36
"Cabral, Alejandro",VOL,VEL,3400000,6,6,0,0,0,0,0,13,5,5,5,6,3,0,0,0,5,4,58,5.8
"Fernández, Augusto",VOL,VEL,5600000,9,8,24,6,0,0,5,6,7,0,5,0,0,6,0,12,0,5,93,8.45
"Castillón, Facundo",DEL,GOD,2800000,10,0,5,5,5,11,7,6,0,0,0,5,4,0,3,4,0,0,65,5.91
"Brum, Roberto",VOL,BAN,3000000,3,0,0,5,6,2,4,12,6,5,5,5,0,0,0,0,0,0,53,4.82
"Rodríguez, Ribair",VOL,BEL,3300000,3,2,0,6,4,3,-1,0,0,5,3,5,5,5,3,4,3,6,56,3.73
"Domínguez, Juan",DEF,NOB,2900000,0,0,2,0,0,0,7,0,6,8,5,8,5,5,0,0,0,0,46,5.75
"Barrientos, Hugo",VOL,ALB,3200000,3,5,3,3,3,0,2,4,0,4,5,6,2,7,6,5,0,0,58,4.14
"Ledesma, Eduardo",VOL,LAN,3500000,5,5,6,3,3,4,0,2,5,5,4,6,5,5,0,0,5,0,63,4.5
"Cáceres, Marcos",DEF,RAC,4000000,5,6,5,4,0,0,0,0,7,1,7,4,8,4,4,7,2,0,64,4.92
"González, Federico",DEL,ATR,4300000,6,5,5,0,0,0,0,0,0,0,6,5,5,4,4,4,5,11,60,5.45
"González, Adrián",DEF,ARS,4700000,7,0,0,8,7,7,8,0,5,5,0,5,0,0,7,0,0,0,59,6.56
"Perez, Enzo",VOL,EST,8200000,0,0,5,7,5,3,0,2,5,4,5,1,5,4,6,4,0,0,56,4.31
"Bazán, Gonzalo",VOL,SLO,2800000,2,6,5,4,5,0,0,2,0,0,0,11,5,5,5,6,4,0,60,5
"Sánchez, Matías",VOL,EST,3000000,0,0,0,4,5,5,4,4,2,0,0,5,0,5,5,3,3,2,47,3.92
"Kalinski, Enzo",VOL,SLO,3700000,5,6,6,5,3,11,5,3,3,7,6,0,0,0,0,5,0,0,65,5
"Perea, Emanuel",VOL,ALB,2000000,0,0,0,0,0,4,0,4,5,5,10,0,0,0,4,0,5,5,42,5.25
"Benedetto, Darío",DEL,ARS,2100000,0,0,0,0,0,0,0,0,0,0,10,0,4,6,5,6,5,6,42,6
"Vallés, Gabriel",DEF,IND,2800000,0,0,0,0,0,0,6,7,0,0,0,7,7,3,5,0,0,7,42,6
"Torassa, Agustín",DEL,ALB,3000000,0,0,0,3,3,0,0,4,4,6,7,4,3,0,0,0,7,4,45,4.5
"Mancuello, Federico",VOL,BEL,3000000,0,0,0,0,0,0,0,0,6,4,5,0,4,5,6,2,6,4,42,4.67
"Chevantón, Javier",DEL,COL,4300000,3,0,0,0,4,0,11,9,13,5,0,0,0,0,0,0,0,0,45,7.5
"Oberman, Gustavo",DEL,ARG,3000000,5,1,0,0,6,3,0,4,3,2,5,4,6,0,0,0,4,4,47,3.92
"Cubero, Fabián",VOL,VEL,4200000,0,6,3,5,5,3,3,11,2,0,5,0,4,5,0,3,0,0,55,4.23
"Silvera, Andrés",DEL,BEL,4900000,5,5,5,10,4,0,0,4,0,0,6,2,4,0,13,4,4,0,66,5.08
"Ferreyra, Facundo",DEL,BAN,5200000,4,3,0,5,5,3,0,0,0,5,2,3,5,9,4,-1,3,3,53,3.79
"Casais, Eduardo",DEF,OLI,2800000,5,4,5,2,5,2,5,4,4,4,0,0,0,5,2,0,5,4,56,4
"Curbelo, Jorge",DEF,GOD,3600000,7,8,1,0,5,2,0,3,7,0,8,0,4,3,6,2,0,0,56,4.67
"Galeano, Leonel",DEF,IND,3800000,0,0,0,4,0,8,4,0,5,4,8,0,1,4,0,4,2,0,44,4.4
"Magnin, Pablo",DEL,UNI,1200000,0,0,4,0,8,10,0,0,6,0,5,5,0,5,0,0,0,0,43,6.14
"Mas, Emmanuel",DEF,SMA,3200000,6,3,0,6,6,4,0,5,4,0,4,8,4,0,-1,0,0,5,54,4.5
"Bianchi Arce, Nicolás",DEF,SLO,3700000,-1,0,0,0,0,0,4,0,5,0,2,0,6,2,4,4,4,8,38,3.8
"Pérez, Marco",DEL,BEL,4500000,0,0,6,5,3,5,0,0,6,0,3,4,0,0,4,4,5,4,49,4.45
"García, DELmar",DEF,GOD,3000000,5,9,3,6,4,0,5,5,3,4,8,2,0,0,0,0,3,3,60,4.62
"Torres, Diego",DEL,ARS,3200000,0,0,0,4,0,0,0,10,5,0,5,6,6,0,5,0,0,0,41,5.86
"Benítez, Leandro D.",VOL,EST,4500000,4,4,0,4,4,5,2,0,6,4,3,0,3,5,5,0,0,0,49,4.08
"González, Mariano",VOL,EST,6000000,4,4,0,5,0,5,9,4,5,5,4,0,0,0,0,5,0,0,50,5
"Cellay, Cristian",DEF,EST,4000000,5,10,0,9,4,2,6,0,4,6,4,3,3,0,0,0,4,0,60,5
"Caruso, Leandro",DEL,GOD,4000000,5,5,4,4,5,4,4,0,0,5,5,4,4,5,0,0,0,0,54,4.5
"Chávez, Cristian",VOL,BOC,4800000,0,0,0,4,6,6,0,8,0,0,0,0,4,0,5,5,0,2,40,5
"Peruzzi, Gino",DEF,VEL,600000,0,0,0,0,0,0,0,0,0,6,0,0,0,5,7,7,6,4,35,5.83
"Coronel, Maximiliano",DEF,ALB,1800000,6,7,0,8,0,0,7,3,5,3,0,7,0,0,0,5,6,-1,56,5.09
"Santander, Federico",DEL,RAC,2800000,0,0,2,0,5,5,3,4,4,0,5,3,0,0,0,6,0,0,37,4.11
"Aquino, Víctor",DEL,NOB,2900000,0,0,0,0,0,0,0,0,4,0,0,4,6,5,0,4,9,3,35,5
"Vangioni, Leonel",VOL,NOB,3500000,4,4,5,2,5,4,0,3,5,0,0,4,0,0,5,4,5,0,50,3.85
"Eluchans, Juan",VOL,BAN,3600000,4,4,0,4,0,4,0,5,5,3,0,0,0,4,4,4,1,5,47,3.92
"Ramírez, David",VOL,VEL,8000000,5,0,0,0,0,0,0,5,0,5,0,5,5,5,4,6,0,0,40,5
"Vidal, Patricio",DEL,IND,500000,0,0,0,5,10,6,4,0,0,0,0,0,0,0,0,5,5,4,39,5.57
"Guillermo Rojas, Julián",VOL,BAN,1100000,5,4,3,3,4,2,0,6,4,0,6,2,4,2,1,3,0,0,49,3.5
"Somoza, Leandro",VOL,BOC,4800000,5,5,4,3,0,7,4,6,0,5,0,0,0,0,0,7,2,3,51,4.64
"Ortíz, Guillermo",DEF,NOB,300000,0,0,0,0,0,0,0,0,0,8,5,2,0,5,4,4,5,0,33,4.71
"Barisone, Diego",DEF,UNI,800000,0,0,0,0,0,0,0,0,13,0,0,0,0,0,20,0,0,0,33,16.5
"Grana, Hernán",DEF,BEL,3000000,0,0,0,7,0,5,4,0,6,0,0,0,0,0,6,5,0,7,40,5.71
"Núñez, Maximiliano",VOL,SMA,3000000,0,0,0,0,0,0,0,0,0,0,0,12,7,0,5,6,3,0,33,6.6
"Montero, Fausto",VOL,UNI,3000000,-1,0,0,5,6,5,7,0,0,0,0,4,4,3,4,0,0,0,37,3.7
"Caruzzo, Matías",DEF,BOC,3900000,0,7,8,6,4,0,0,0,0,0,0,9,3,8,9,0,0,0,54,6.75
"Olmedo, Nicolás",VOL,GOD,4500000,0,6,5,0,0,0,0,0,1,0,0,5,5,5,0,6,7,4,44,4.89
"Garro, Juan",DEL,GOD,300000,0,0,0,0,0,0,0,0,11,5,6,5,0,5,0,0,0,0,32,6.4
"Villanueva, Cristian",DEF,OLI,2000000,5,7,0,0,0,0,0,0,2,5,5,4,4,0,0,3,4,5,44,4.4
"Cárdenas, Juan P.",DEF,UNI,3000000,4,7,5,4,7,4,2,0,2,0,3,7,3,4,0,0,0,0,52,4.33
"Urribarri, Bruno",DEF,COL,3300000,5,4,5,3,3,4,8,0,0,0,0,0,0,4,0,0,5,8,49,4.9
"López, Hernán R.",DEL,BAN,4200000,5,0,0,11,2,4,4,0,9,5,0,3,5,0,0,0,0,0,48,5.33
"Cavallaro, Juan I.",VOL,UNI,500000,0,0,0,0,0,0,0,0,6,15,5,0,0,0,5,0,0,0,31,7.75
"Carrasco, Javier",VOL,TIG,2200000,0,0,0,0,6,0,4,6,4,0,0,5,0,0,0,6,0,0,31,5.17
"Wagner, Martín",VOL,SMA,2500000,0,0,3,3,5,0,0,0,3,0,4,3,5,4,3,3,0,0,36,3.6
"Vella, Cristian",DEF,ALB,2800000,7,7,5,5,3,4,7,4,0,0,0,0,0,5,0,7,0,0,54,5.4
"Morel, Martín",VOL,ALB,4500000,0,0,0,0,0,0,4,4,0,0,0,0,5,13,0,4,0,0,30,5
"Hauche, Gabriel",DEL,RAC,6900000,5,6,5,5,6,10,3,0,2,2,0,4,0,3,0,0,0,0,51,4.64
"Gutiérrez, Teófilo",DEL,RAC,10500000,4,5,1,0,9,11,-1,5,4,2,0,0,0,0,0,0,0,0,40,4.44
"Berardo, Nicolás",DEF,ARG,2400000,0,0,0,0,0,0,14,5,-1,0,0,0,0,7,0,0,4,0,29,5.8
"Erbes, Cristian",VOL,BOC,2500000,0,0,0,0,6,0,0,0,5,0,5,6,0,7,0,0,0,0,29,5.8
"Almerares, Federico",DEL,BEL,2800000,0,0,0,0,5,4,4,0,0,0,0,0,4,4,0,0,0,8,29,4.83
"Laso, Maximiliano",VOL,OLI,3000000,4,0,0,5,0,0,0,0,4,0,4,0,12,4,0,5,0,0,38,5.43
"Navarro, Alvaro",DEL,GOD,3300000,0,0,0,8,0,4,0,0,4,5,0,0,4,4,0,0,10,-2,37,4.63
"Chávez, Christian",DEL,SLO,3500000,0,0,0,4,5,0,0,6,4,0,0,6,0,0,0,0,4,4,33,4.71
"Canteros, Héctor",VOL,VEL,4500000,0,0,0,0,0,0,0,5,6,5,5,0,0,3,5,0,0,0,29,4.83
"De Souza, Diego",VOL,BAN,2900000,4,0,5,5,5,2,3,4,0,0,0,0,4,0,0,0,0,10,42,4.67
"Bustamante, Marcelo",DEF,BAN,3000000,0,2,-1,0,4,0,0,5,4,6,0,0,4,5,0,0,0,0,29,3.63
"Limia, Alejandro",ARQ,UNI,3000000,0,0,0,0,0,0,0,5,5,8,0,0,0,0,0,10,0,0,28,7
"Poggi, Federico",VOL,SMA,4300000,6,4,12,5,6,5,7,0,0,0,0,5,0,0,0,0,0,5,55,6.11
"Rodríguez, Clemente",DEF,BOC,6300000,5,0,6,0,0,0,0,0,5,5,0,2,0,7,0,9,0,0,39,4.88
"Parnisari, Ezequiel",DEF,OLI,300000,0,0,0,0,0,0,0,0,0,0,2,2,5,7,0,6,3,2,27,3.86
"Quintana, Carlos",DEF,LAN,1900000,0,0,0,0,6,3,0,5,0,0,0,0,13,0,0,0,0,0,27,6.75
"Bustos, Maximiliano",VOL,SMA,2800000,6,5,0,0,0,0,0,4,4,6,1,0,5,0,0,0,3,4,38,4.22
"Díaz, Gastón",DEF,LAN,3300000,6,7,3,0,3,3,4,5,5,0,0,0,7,0,0,0,0,0,43,4.78
"Acevedo, Walter",VOL,BAN,3900000,0,0,4,0,0,3,2,0,5,2,0,0,0,0,0,0,11,4,31,4.43
"Carranza, César",DEL,LAN,4200000,0,0,8,0,4,4,0,5,0,0,0,0,10,0,4,0,0,0,35,5.83
"Blandi, Nicolás",DEL,BOC,4300000,5,0,0,0,0,0,0,0,0,0,0,0,12,0,10,0,0,5,32,8
"Camoranesi, Mauro",VOL,LAN,5800000,0,0,4,-2,0,0,6,0,0,7,0,0,0,5,4,5,0,0,29,4.14
"Melano, Lucas",DEL,BEL,400000,0,0,0,0,0,0,0,0,0,0,0,0,0,4,0,0,5,17,26,8.67
"Toledo, Gustavo",DEF,BAN,2200000,0,0,0,0,0,0,0,0,0,0,8,4,5,5,3,0,0,0,25,5
"Cabrera, Gonzalo",VOL,GOD,2300000,0,5,2,4,4,0,0,5,5,3,0,0,4,0,0,4,0,0,36,4
"Díaz, Gastón",VOL,TIG,2400000,0,6,5,5,3,5,-1,0,0,5,5,0,0,5,0,3,0,0,41,4.1
"Vera, Renzo",DEF,UNI,2700000,0,0,0,0,0,0,0,0,5,7,0,0,1,0,0,0,5,7,25,5
"Basualdo, Germán",VOL,ARG,2900000,10,3,4,0,0,0,0,0,0,5,4,0,5,5,6,0,0,0,42,4.67
"Saavedra, Raúl",DEF,SMA,2900000,0,0,3,0,0,0,5,3,0,3,1,0,0,2,0,4,7,0,28,3.5
"Córdoba, Jorge",DEL,ARS,3000000,4,0,0,0,4,5,0,0,0,0,2,4,0,6,0,0,4,0,29,4.14
"Furch, Julio",DEL,OLI,3000000,0,0,0,4,4,4,5,0,3,0,0,5,4,0,0,0,0,0,29,4.14
"Voboril, Germán",DEF,SLO,3000000,3,0,0,0,5,5,5,4,0,6,0,0,0,0,0,0,0,0,28,4.67
"Juárez, Iván",VOL,ATR,3100000,5,5,5,4,2,0,0,0,0,5,5,0,0,5,5,0,0,3,44,4.4
"Barrales, Jerónimo",DEL,UNI,3300000,5,5,4,2,0,0,0,0,0,0,0,4,0,0,4,7,5,5,41,4.56
"Lembo, Alejandro",DEF,BEL,3600000,7,4,7,0,4,0,0,0,0,4,5,3,5,4,0,0,0,0,43,4.78
"Sosa, Diego",DEF,SMA,1300000,0,0,5,0,5,0,0,0,0,0,0,0,0,4,4,5,6,0,29,4.14
"Cuesta, Víctor",DEF,ARS,1600000,0,0,3,0,0,7,8,1,0,0,5,3,0,0,0,0,0,0,27,4.5
"Tobio, Fernando",DEF,VEL,3500000,5,0,0,0,0,0,0,0,5,5,0,6,0,8,0,0,0,0,29,5.8
"Casteglione, Carlos",DEF,TIG,3900000,0,3,0,6,0,0,2,0,0,0,7,4,8,0,0,0,3,0,33,4.71
"Argachá, Adrián",DEF,IND,2000000,0,0,0,0,0,0,0,0,3,6,3,0,1,0,3,0,2,5,23,3.29
"Dutari, Francisco",DEF,ATR,2800000,0,0,0,0,0,0,5,0,0,0,0,6,2,0,4,4,0,2,23,3.83
"Díaz, Leandro",DEL,TIG,2800000,5,5,8,0,5,4,6,4,4,0,0,0,0,0,0,0,0,0,41,5.13
"Sánchez, Fernando",VOL,ALB,3300000,4,6,5,6,4,3,0,0,1,0,0,0,0,0,0,4,6,5,44,4.4
"Neira, Juan",VOL,LAN,4000000,6,5,3,0,4,5,0,4,0,0,0,5,5,0,0,0,0,0,37,4.63
"Capellino, Nicolás",DEL,ATR,1100000,0,0,0,0,0,0,0,0,0,0,0,0,6,5,5,0,0,6,22,5.5
"Díaz, Gabriel",DEF,OLI,1300000,0,0,0,5,0,0,0,0,0,2,1,0,6,6,5,0,2,0,27,3.38
"Cardozo, Marcelo",DEF,GOD,1600000,0,0,0,0,0,6,7,0,5,0,0,0,4,0,0,0,0,0,22,5.5
"Maidana, Mauro",DEF,UNI,1800000,0,0,0,0,0,0,0,0,0,0,0,0,0,0,5,5,5,7,22,5.5
"Díaz, Cristian",DEF,NOB,3000000,0,0,0,4,7,0,0,0,0,0,0,4,5,0,6,0,0,0,26,5.2
"Vega, David",VOL,OLI,3000000,0,0,4,0,0,0,0,0,0,4,0,3,0,5,5,0,0,5,26,4.33
"Pereyra, César",DEL,BEL,5100000,5,6,11,10,0,0,6,6,6,4,0,0,0,0,0,0,0,0,54,6.75
"Díaz, Marcos",ARQ,COL,1500000,0,0,0,0,0,0,0,0,9,4,8,0,0,0,0,0,0,0,21,7
"Scheffer, Juan P.",DEF,OLI,1600000,0,5,4,0,0,0,3,2,0,0,7,0,5,0,4,0,0,0,30,4.29
"Pérez, Alejandro",DEF,UNI,1900000,0,0,0,0,0,0,7,5,2,0,0,0,0,0,0,7,0,0,21,5.25
"González, Diego",VOL,LAN,2300000,6,6,0,3,0,3,0,0,3,5,0,0,5,5,0,0,0,0,36,4.5
"Vidal, Sebastián",VOL,UNI,2900000,0,0,0,0,0,0,0,0,0,0,0,0,0,4,5,4,5,3,21,4.2
"Perozzo, Grenddy",DEF,OLI,3000000,4,16,0,0,6,4,0,0,2,4,0,5,0,0,0,0,0,0,41,5.86
"Pereyra, Mauricio",VOL,LAN,3700000,12,4,0,3,0,4,0,4,3,0,4,0,6,0,0,0,0,0,40,5
"Cano, Lucas",DEL,ARG,400000,0,0,4,5,0,0,6,0,0,0,4,0,0,0,5,5,0,0,29,4.83
"Licht, Lucas",DEF,RAC,4300000,0,0,5,0,0,0,0,0,4,3,7,3,0,3,0,0,0,0,25,4.17
"Martínez, Adrián",DEF,SLO,1600000,4,6,6,0,4,3,5,0,0,0,0,0,0,0,0,0,0,7,35,5
"Pellerano, Cristian",VOL,IND,3900000,5,0,0,0,0,0,-1,0,5,0,0,5,0,0,5,5,0,0,24,4
"Achucarro, Jorge",DEL,BAN,4100000,5,0,4,0,0,0,0,5,0,0,0,0,0,4,0,4,4,2,28,4
"Martínez, Francisco",DEF,ALB,800000,0,0,0,0,0,0,0,0,0,0,0,0,7,7,0,4,0,0,18,6
"Parodi, Lucas",VOL,BEL,900000,0,0,13,6,2,5,0,4,0,3,4,0,0,0,0,0,0,0,37,5.29
"Muñoz, Fabián",DEL,NOB,1000000,0,0,0,4,0,0,0,0,0,0,0,0,0,0,0,10,3,5,22,5.5
"Barrios, Pier M.",DEF,BEL,1100000,0,0,0,0,0,0,0,7,0,6,5,0,0,0,0,0,0,0,18,6
"Delfino, Alejandro",DEF,BAN,2200000,0,0,8,0,2,0,0,0,0,0,0,4,0,7,4,1,0,0,26,3.71
"Fernández, Mauro",DEL,EST,2500000,6,5,0,0,0,0,0,0,5,4,0,4,5,0,0,0,0,0,29,4.83
"Galarza, Marcos",DEF,SMA,2700000,8,2,0,0,0,3,5,0,0,5,5,0,0,0,0,0,0,0,28,4.67
"Cáceres, Germán",VOL,ATR,2800000,0,0,0,7,3,6,0,0,5,0,4,0,0,0,0,0,0,0,25,5
"Pavlovich, Nicolás",DEL,OLI,3600000,0,0,0,0,4,5,0,4,0,0,0,5,0,0,0,0,0,0,18,4.5
"Braña, Rodrigo",VOL,EST,5000000,4,5,4,0,0,0,0,0,0,4,3,3,2,0,6,0,0,0,31,3.88
"Ojeda, Claudio",DEF,GOD,300000,0,0,0,0,0,0,7,0,0,0,0,0,0,0,0,0,4,6,17,5.67
"Torres, Leandro",VOL,NOB,300000,5,1,0,3,5,0,0,4,6,2,0,0,0,0,0,0,0,0,26,3.71
"Rudler, Matías",VOL,ALB,1000000,0,0,0,0,0,0,0,0,0,0,0,0,0,12,5,0,0,0,17,8.5
"Ramírez, Juan E.",VOL,ARG,1200000,0,0,0,5,0,0,6,0,0,0,0,0,0,11,0,0,0,0,22,7.33
"Fernández, Alexis",VOL,UNI,1800000,0,4,4,0,5,0,0,0,0,3,0,5,4,0,0,0,0,0,25,4.17
"Escobar, Matías",VOL,TIG,2700000,0,12,3,5,0,5,0,0,0,0,0,5,6,0,1,0,0,0,37,5.29
"Fernández, Nereo",ARQ,ARG,3000000,9,5,6,5,0,0,0,0,0,0,0,0,0,0,0,15,2,0,42,6
"Rius, Ciro",DEL,ARG,3000000,0,4,0,0,0,0,0,0,0,0,0,4,0,0,8,5,0,0,21,5.25
"Blengio, Juan C.",DEF,TIG,3800000,0,0,0,0,0,0,0,0,0,0,0,4,8,0,5,0,0,0,17,5.67
"Toranzo, Patricio",VOL,RAC,5500000,6,5,2,0,0,7,3,0,0,0,5,2,0,0,0,0,0,0,30,3.75
"Pizzini, Franscisco",VOL,IND,700000,0,0,0,0,0,0,0,0,0,0,0,6,4,5,0,0,0,0,15,5
"Carrillo, Guido",DEL,EST,1400000,0,0,0,5,0,5,5,5,0,0,0,0,0,0,0,0,0,0,20,5
"Lema, Cristian",DEF,TIG,1700000,0,0,8,7,8,3,4,0,0,0,0,0,0,0,0,0,0,0,30,5
"López, Sergio",VOL,GOD,1900000,0,0,0,0,0,5,0,0,0,0,0,0,0,0,5,5,0,0,15,5
"Stefanatto, Darío",VOL,ALB,2400000,0,0,0,0,0,0,0,0,5,0,0,0,0,5,5,0,0,0,15,5
"Gerlo, Danilo",DEF,ARS,3500000,0,0,0,0,0,0,0,8,0,2,0,0,0,0,0,5,0,0,15,5
"Aued, Luciano",VOL,RAC,3800000,0,0,4,0,0,0,0,0,0,0,0,0,0,2,0,5,3,5,19,3.8
"Viatri, Lucas",DEL,BOC,4800000,0,0,0,0,0,0,0,0,0,0,0,0,0,0,11,0,0,4,15,7.5
"Torres, Adrián",VOL,GOD,1200000,0,0,0,0,0,0,0,0,0,0,0,0,0,5,4,5,0,0,14,4.67
"Blanco Leschuk, Gustavo",DEL,ARS,2500000,0,0,0,0,0,0,0,10,4,0,0,0,0,0,0,0,0,0,14,7
"Maldonado, Juan C.",VOL,BEL,2500000,4,5,0,0,3,4,0,3,4,0,0,0,0,0,0,0,0,0,23,3.83
"Caballero, Pablo",DEL,RAC,2800000,0,0,0,0,0,0,0,0,0,0,0,0,6,3,1,4,0,0,14,3.5
"Balsas, Sebastián",DEL,ARG,3000000,0,0,4,0,0,0,0,4,4,3,3,0,0,0,0,0,0,0,18,3.6
"Balbi, Luciano",DEF,LAN,3200000,6,0,0,4,0,0,0,0,0,0,0,5,8,0,1,0,0,0,24,4.8
"Navarro, Hilario",ARQ,IND,5300000,5,5,3,-1,0,0,0,0,0,0,0,0,0,0,0,0,4,10,26,4.33
"Canuto, Damián",VOL,SMA,1200000,0,0,0,0,0,0,0,0,0,0,0,0,0,0,2,6,5,0,13,4.33
"Batista, Nicolás",DEF,ARG,1400000,0,7,5,16,5,8,0,0,0,0,0,0,0,0,0,0,0,0,41,8.2
"Ladino, Santiago",DEF,BAN,2200000,0,0,4,4,0,0,0,0,0,0,0,0,0,0,0,5,3,5,21,4.2
"Cantero, Pablo",VOL,SMA,2700000,6,6,0,0,5,0,4,0,0,0,0,0,0,4,0,0,0,0,25,5
"Benavídez, Exequiel",VOL,BOC,600000,0,0,0,0,0,0,0,0,0,0,0,0,7,0,5,0,0,0,12,6
"González, Leandro",DEL,COL,3000000,0,4,0,0,4,5,3,0,0,0,0,0,0,0,0,0,0,0,16,4
"Champagne, Nereo",ARQ,SLO,3000000,1,3,10,4,5,4,3,0,0,0,0,0,0,0,0,0,0,0,30,4.29
"Sosa, Sebastián",ARQ,BOC,3500000,0,0,0,0,0,0,0,0,0,0,5,0,3,0,0,0,4,0,12,4
"Rivero, Diego",VOL,BOC,4900000,4,4,6,0,0,0,3,0,0,0,0,0,0,3,0,6,0,0,26,4.33
"Férnandez, Guillermo",VOL,BOC,600000,0,0,0,0,0,0,0,0,0,0,0,0,6,0,5,0,0,0,11,5.5
"Pavetti, Pablo",VOL,ATR,800000,4,4,5,0,5,6,0,0,0,0,0,0,0,0,0,0,0,0,24,4.8
"Bittolo, Mariano E.",DEF,VEL,1100000,0,0,0,0,0,0,5,0,0,0,0,0,0,0,6,0,0,0,11,5.5
"Rodríguez, Diego",ARQ,IND,1200000,0,0,0,0,-1,10,2,0,0,0,0,0,0,0,0,0,0,0,11,3.67
"Cooper, Armando",VOL,GOD,2600000,0,0,2,0,0,0,0,0,0,6,0,5,0,0,0,0,0,0,13,4.33
"Esmerado, Gastón",VOL,ARS,2700000,0,0,5,0,0,0,0,6,0,0,5,0,0,0,0,0,0,0,16,5.33
"Quiroga, Juan",DEF,BEL,3200000,6,2,5,0,2,0,0,0,0,0,0,4,0,0,0,0,5,0,24,4
"Barrera, Leandro",DEL,ARG,600000,0,0,0,0,0,6,0,0,0,4,0,0,0,0,0,0,0,0,10,5
"Alario, Lucas",DEL,COL,800000,0,4,0,0,0,0,0,0,0,0,0,0,0,5,0,5,0,0,14,4.67
"Fariña, Luis C.",VOL,RAC,1500000,0,0,0,0,0,0,0,0,0,0,0,0,4,0,0,0,6,0,10,5
"Bárbaro, Alejandro",VOL,BAN,1800000,0,3,0,0,0,0,0,0,0,0,0,0,0,0,5,0,0,5,13,4.33
"Faccioli, Emir",DEF,OLI,3200000,5,4,4,5,0,5,0,0,0,0,0,0,0,0,0,0,0,5,28,4.67
"Rui, Henry",DEL,ALB,400000,0,0,0,0,0,0,5,4,0,0,0,0,0,0,0,0,0,0,9,4.5
"Iriarte, Hugo",DEF,ATR,2000000,0,0,0,0,0,4,0,0,0,0,0,0,0,0,0,0,5,0,9,4.5
"Falcón, Juan C.",VOL,GOD,2300000,3,0,0,6,4,0,5,0,0,0,0,0,0,0,0,0,0,0,18,3.6
"Roberval, Emison",DEL,SMA,2300000,0,0,0,0,0,0,0,9,0,0,0,0,0,0,0,0,0,0,9,9
"Tejera, Juan",DEF,OLI,2500000,0,0,0,0,0,0,6,3,0,0,0,0,0,0,0,0,0,0,9,4.5
"Olivares, Leandro",DEF,GOD,300000,0,0,0,0,0,0,0,0,0,0,8,0,0,0,0,0,0,0,8,8
"Desábato, Leandro L.",VOL,VEL,800000,0,0,0,0,0,0,0,3,0,0,0,0,5,0,0,0,0,0,8,4
"Benítez, Martín",DEL,IND,2000000,0,0,5,4,0,0,4,0,0,0,0,0,0,4,0,0,0,0,17,4.25
"Trombetta, Cristian",DEF,ARS,2100000,7,0,0,0,0,8,0,0,0,0,0,0,0,0,0,0,0,0,15,7.5
"Ardente, Luis",ARQ,SMA,2500000,0,0,0,0,0,0,0,0,0,0,0,0,0,0,0,0,8,0,8,8
"Méndez, Gabriel",DEL,SLO,3300000,0,5,6,-1,0,0,0,4,4,0,0,0,0,0,0,0,0,0,18,3.6
"Islas, Daniel",ARQ,TIG,3900000,0,0,0,0,0,0,0,0,0,0,8,0,0,0,0,0,0,0,8,8
"Centurión, Adrián",VOL,RAC,300000,0,0,0,0,0,0,0,0,0,0,0,0,0,0,0,0,0,7,7,7
"Valdez, Matías",DEF,LAN,1000000,0,0,0,0,0,0,0,0,0,0,0,0,7,0,0,0,0,0,7,7
"Ferreyra, Juan C.",DEL,ALB,3200000,5,9,5,5,4,3,0,0,0,0,0,0,0,0,0,0,0,0,31,5.17
"Graf, Claudio",DEL,SMA,3500000,0,0,0,0,0,0,0,0,2,0,0,0,0,5,0,0,0,0,7,3.5
"Caranta, Mauricio",ARQ,LAN,4000000,0,0,0,0,0,0,0,0,0,0,0,0,7,0,0,0,0,0,7,7
"Giannetti, Lautaro",DEF,VEL,300000,0,0,0,0,0,0,0,0,0,0,0,0,3,0,3,0,0,0,6,3
"Ftacla, Diego",DEL,TIG,600000,0,0,0,0,0,0,0,0,0,0,0,0,6,0,0,0,0,0,6,6
"Sauro, Gastón",DEF,BOC,1500000,0,0,0,0,0,0,0,0,0,0,0,0,6,0,0,0,0,0,6,6
"Sánchez, Sergio",VOL,GOD,1500000,0,0,0,0,0,0,0,0,0,0,6,0,0,0,0,0,0,0,6,6
"Luque, Carlos",DEL,COL,2200000,0,3,4,0,2,0,0,0,0,0,0,4,0,0,0,0,0,0,13,3.25
"Pío, Emanuel",VOL,TIG,2500000,6,0,4,5,0,2,0,0,4,0,0,0,0,0,0,0,0,0,21,4.2
"Battión, Roberto",VOL,IND,3800000,0,0,5,11,6,0,0,0,0,0,0,0,0,0,0,0,0,0,22,7.33
"Montoya, Marcelo",ARQ,VEL,3800000,0,0,0,0,0,0,0,0,0,0,0,0,0,0,6,0,0,0,6,6
"Gaitán, Walter",VOL,ATR,4200000,6,0,0,0,0,6,0,0,0,0,0,0,0,0,0,0,0,0,12,6
"Rodríguez, Maximiliano",VOL,ARG,300000,0,0,0,0,0,0,0,0,0,0,0,0,0,0,0,0,5,0,5,5
"Jaime, Juan",VOL,LAN,300000,0,0,0,0,0,5,0,0,0,0,0,0,0,0,0,0,0,0,5,5
"Silva, Jonathan",VOL,EST,400000,0,0,0,0,0,0,0,0,0,0,0,0,0,0,0,0,0,5,5,5
"Pittinari, Lucas",VOL,BEL,600000,0,0,0,0,0,0,0,5,0,0,0,0,0,0,0,0,0,0,5,5
"Paredes, Leandro",VOL,BOC,700000,0,0,0,0,0,0,0,0,0,0,0,0,5,0,0,0,0,0,5,5
"Kannemann, W",DEF,SLO,700000,0,0,0,0,0,0,0,0,0,0,0,0,0,0,0,6,-1,0,5,2.5
"Freire, Federico",VOL,VEL,700000,0,0,0,0,0,0,0,0,0,0,0,0,0,0,5,0,0,0,5,5
"Vera, Jesús",DEL,GOD,1000000,0,0,0,0,0,0,0,0,0,0,0,0,5,0,0,0,0,0,5,5
"Sánchez, Guillermo",DEF,OLI,1100000,0,0,0,0,5,0,0,0,0,0,0,0,0,0,0,0,0,0,5,5
"Corti, Leonardo",ARQ,SMA,1100000,0,0,0,0,0,0,0,0,0,0,0,0,0,0,0,0,0,5,5,5
"Litre, Marcos",DEL,OLI,1300000,0,0,0,0,0,0,5,0,0,0,0,0,0,0,0,0,0,0,5,5
"Depetris, Leonardo",DEL,ATR,2000000,0,0,0,0,5,0,0,0,0,0,0,0,0,0,0,0,0,0,5,5
"Araujo, Sergio",DEL,BOC,2000000,0,0,0,0,0,5,0,0,0,0,0,0,0,0,0,0,0,0,5,5
"Salom, Carlos",DEL,ALB,2100000,0,0,0,0,0,0,0,0,0,5,0,0,0,0,0,0,0,0,5,5
"Velázquez, Leandro",VOL,VEL,2800000,0,0,0,0,0,0,0,0,0,0,0,0,0,0,5,0,0,0,5,5
"Busse, Walter",VOL,IND,3200000,0,4,4,4,0,5,0,0,0,0,0,0,0,0,0,0,0,0,17,4.25
"Insúa, Emanuel",DEF,BOC,300000,0,0,0,0,0,0,0,0,0,0,0,0,0,0,4,0,0,0,4,4
"Correa, Joaquín",VOL,EST,300000,0,0,0,0,0,0,0,0,0,0,0,0,0,0,0,0,4,0,4,4
"Pucheta, Eduardo",VOL,VEL,300000,0,0,0,0,0,0,0,0,0,0,0,0,0,0,4,0,0,0,4,4
"Blanco, Martín",DEL,VEL,300000,0,0,0,0,0,0,0,0,0,0,0,0,0,0,4,0,0,0,4,4
"Rigamonti, César",ARQ,BEL,800000,0,0,0,0,0,0,0,0,0,0,0,0,0,0,0,0,0,4,4,4
"Ruiz, Enzo A.",DEF,BOC,900000,0,0,0,0,0,0,0,0,0,0,0,0,4,0,0,0,0,0,4,4
"Niz, Alexis",DEF,ATR,1000000,0,0,0,0,4,0,0,0,0,0,0,0,0,0,0,0,0,0,4,4
"Gaona Lugo, Orlando",DEL,BOC,1000000,0,0,0,0,4,0,0,0,0,0,0,0,0,0,0,0,0,0,4,4
"Benítez, Nahuel",DEL,SLO,1300000,0,0,10,4,4,0,0,0,0,0,0,0,0,0,0,0,0,0,18,6
"Orcellet, Catriel",ARQ,ARS,1500000,0,0,0,0,0,0,0,0,0,4,0,0,0,0,0,0,0,0,4,4
"Mattia, Francisco",DEF,SMA,1500000,0,0,5,0,0,0,0,0,0,0,0,0,0,0,0,0,0,4,9,4.5
"Pepe, Rodrigo",VOL,BAN,2000000,0,0,0,0,0,0,0,0,0,0,0,0,0,0,4,0,0,0,4,4
"Lluy, Braian",DEF,RAC,2200000,0,6,0,4,0,0,0,0,0,0,0,0,0,0,0,0,4,0,14,4.67
"Ramírez, Jonathan",DEL,VEL,2500000,0,0,0,4,0,0,0,0,0,0,0,0,0,0,4,0,0,0,8,4
"Pérez, Jorge I.",VOL,IND,2700000,0,6,0,0,0,0,0,4,0,0,0,0,0,0,0,0,0,0,10,5
"Tellechea, Fernando",VOL,SLO,2900000,3,0,0,0,0,0,0,0,0,0,0,0,0,0,0,0,0,4,7,3.5
"Botta, Rubén",VOL,TIG,3000000,0,0,0,0,0,0,0,4,0,0,0,0,0,0,0,0,0,0,4,4
"Fernández, Juan",DEF,ATR,3100000,0,0,0,0,4,0,0,0,0,0,0,0,0,0,0,0,0,0,4,4
"Romeo, Bernardo",DEL,SLO,3100000,0,0,0,0,0,0,4,0,0,0,0,0,0,0,0,0,0,0,4,4
"Gracián, Leandro",VOL,COL,3900000,6,6,7,0,4,0,0,0,0,0,0,0,0,0,0,0,0,0,23,5.75
"Rodríguez, Lucas",DEF,ARG,600000,0,0,0,0,0,0,0,0,0,0,3,0,0,0,0,0,0,0,3,3
"Silva, Agustín",ARQ,EST,800000,0,0,0,0,0,0,0,0,0,0,0,0,0,0,0,0,3,0,3,3
"Pérez Tarifa, Gabriel",DEL,ARG,1800000,0,0,0,0,0,0,3,0,0,0,0,0,0,0,0,0,0,0,3,3
"Romero, Emiliano",DEL,OLI,2100000,4,8,4,0,3,0,0,0,0,0,0,0,0,0,0,0,0,0,19,4.75
"Filomeno, Lucio",DEL,ATR,2200000,0,0,4,5,3,0,0,0,0,0,0,0,0,0,0,0,0,0,12,4
"Barraza, Julio",DEF,COL,2500000,0,0,0,0,0,3,0,0,0,0,0,0,0,0,0,0,0,0,3,3
"Mateo, Diego",VOL,NOB,4100000,11,6,6,5,3,0,0,0,0,0,0,0,0,0,0,0,0,0,31,6.2
"Matheu, Carlos",DEF,IND,4300000,0,0,0,0,0,0,0,0,0,0,0,0,0,3,0,0,0,0,3,3
"Yacob, Claudio",VOL,RAC,4600000,3,4,0,0,0,0,0,3,0,0,0,0,0,0,0,0,0,0,10,3.33
"Flores, Franco",DEF,ARG,300000,0,0,0,0,0,0,0,0,0,0,2,0,0,0,0,0,0,0,2,2
"Curuchet, Facundo",DEL,COL,1200000,0,0,0,0,0,1,0,0,0,0,0,0,0,0,0,0,0,0,1,1
"Pacheco, Jonathan",VOL,SLO,1000000,5,0,0,0,0,0,0,0,0,0,0,0,0,0,0,0,0,0,5,5
"Kruspzky, Lucas",DEF,IND,1200000,5,0,3,3,0,0,0,0,0,0,0,0,0,0,0,0,0,0,11,3.67
"Mauri, Juan A.",VOL,OLI,1500000,0,0,2,0,0,0,0,0,0,0,0,0,0,0,0,0,0,0,2,2
"Fogst, Santiago",DEF,COL,2000000,8,5,0,0,0,0,0,0,0,0,0,0,0,0,0,0,0,0,13,6.5
"Núñez, Fabricio",DEL,UNI,2700000,0,0,0,4,0,0,0,0,0,0,0,0,0,0,0,0,0,0,4,4
"Luna, Sebastián",DEF,SLO,2800000,0,5,0,0,0,0,0,0,0,0,0,0,0,0,0,0,0,0,5,5
"Noir, Ricardo",DEL,NOB,2900000,0,0,5,4,0,0,0,0,0,0,0,0,0,0,0,0,0,0,9,4.5
"Russo, Roberto",DEF,GOD,3000000,3,0,0,2,0,0,0,0,0,0,0,0,0,0,0,0,0,0,5,2.5
"Pereyra, Juan P.",DEL,UNI,3700000,0,0,4,0,0,0,0,0,0,0,0,0,0,0,0,0,0,0,4,4
"Costa, Tomás",VOL,COL,3800000,4,4,0,2,0,0,0,0,0,0,0,0,0,0,0,0,0,0,10,3.33
"Peñalba, Gabriel",VOL,ARG,4400000,5,4,5,0,0,0,0,0,0,0,0,0,0,0,0,0,0,0,14,4.67
"Coria, Facundo",VOL,EST,4400000,0,4,0,0,0,0,0,0,0,0,0,0,0,0,0,0,0,0,4,4
"Defederico, Matías",DEL,IND,4500000,0,0,4,4,0,0,0,0,0,0,0,0,0,0,0,0,0,0,8,2.67
"Núñez, Leonel",DEL,IND,4700000,3,0,0,0,0,0,0,0,0,0,0,0,0,0,0,0,0,0,3,3
"Torrico, Sebastián",ARQ,GOD,4800000,5,0,0,0,0,0,0,0,0,0,0,0,0,0,0,0,0,0,5,5
"Modón, Sergio",DEF,EST,600000,0,0,6,0,0,0,0,0,0,0,0,0,0,0,0,0,-1,0,5,2.5
