Jugador,Puesto,Equipo,Cotización (mill.),F1,F2,F3,F4,F5,F6,F7,F8,F9,F10,F11,F12,F13,F14,F15,Acumulado,Promedio
"Vietto, Luciano",VOL,RAC,800000,6,0,0,0,32,5,6,4,18,17,6,6,11,6,17,134,11.17
"Domínguez, Sebastián",DEF,VEL,5000000,33,9,3,8,6,7,6,5,6,7,8,14,6,5,5,128,8.53
"Scocco, Ignacio",DEL,NOB,5000000,0,0,10,4,10,15,13,11,5,6,6,20,11,5,4,120,9.23
"Ortiz, Fernando",DEF,RAC,4900000,14,20,9,0,6,5,5,13,6,7,7,5,6,8,8,119,8.5
"Guzmán, Nahuel",ARQ,NOB,2000000,8,9,8,9,8,2,9,5,8,10,9,5,2,9,15,116,7.73
"López, Lisandro",DEF,ARS,6800000,9,8,16,14,8,-1,0,2,4,5,22,2,4,8,15,116,8.29
"Cauteruccio, Martín",DEL,QUI,4800000,16,11,8,4,5,6,5,5,10,10,15,6,5,3,6,115,7.67
"Pratto, Lucas",DEL,VEL,5000000,11,4,6,6,6,4,12,6,8,5,6,9,14,7,6,110,7.33
"Mas, Emmanuel",DEF,SMA,3300000,6,5,4,6,4,18,5,8,6,7,6,13,5,9,6,108,7.2
"Tobio, Fernando",DEF,VEL,3700000,8,8,6,8,6,7,8,6,4,5,6,8,15,4,9,108,7.2
"Farré, Guillermo",VOL,BEL,3800000,6,5,3,4,3,7,6,11,12,17,6,6,6,5,11,108,7.2
"Olave, Juan C.",ARQ,BEL,4800000,1,0,4,14,4,10,13,10,10,5,2,9,5,9,10,106,7.57
"Sara, Guillermo",ARQ,ATR,4500000,20,10,5,5,3,4,12,18,3,3,1,5,2,-1,15,105,7
"Velázquez, Jorge",VOL,BEL,4600000,6,5,4,5,5,7,11,5,0,6,5,5,24,4,12,104,7.43
"Mora, Rodrigo",DEL,RIV,3400000,0,0,0,0,5,17,3,5,7,15,5,16,4,20,6,103,9.36
"Marchesín, Agustín",ARQ,LAN,5000000,5,4,9,4,1,8,10,9,5,10,5,9,9,10,4,102,6.8
"Insúa, Federico",VOL,VEL,6000000,8,5,4,13,7,5,7,7,6,5,5,6,6,6,12,102,6.8
"Cabral, Alejandro",VOL,VEL,3800000,6,6,4,6,3,6,6,5,13,5,17,6,8,4,6,101,6.73
"Vergini, Santiago",DEF,NOB,4500000,12,9,8,0,8,5,8,5,8,7,6,6,6,6,7,101,7.21
"Araujo, Carlos",DEF,LAN,3200000,0,5,7,5,6,12,7,8,4,6,20,0,8,6,5,99,7.62
"Goltz, Paolo D.",DEF,LAN,4700000,4,4,9,6,4,17,8,0,5,4,14,4,8,6,6,99,7.07
"Cáceres, Marcos",DEF,NOB,3800000,7,8,22,7,0,0,7,15,7,0,7,4,3,5,6,98,8.17
"Ponzio, Leonardo",VOL,RIV,5500000,5,5,10,9,3,5,0,6,18,14,3,12,1,0,7,98,7.54
"Bogado, Mauro",VOL,SMA,3500000,5,3,4,4,4,11,6,7,7,8,17,6,10,4,0,96,6.86
"Borghello, Iván",DEL,ALB,3900000,10,5,10,10,10,5,3,8,10,5,4,2,4,5,5,96,6.4
"Saja, Sebastián",ARQ,RAC,6500000,4,9,7,0,0,0,6,10,14,9,10,3,5,10,9,96,8
"Centurión, Ricardo",VOL,RAC,2000000,4,13,13,3,6,6,4,4,5,6,6,5,6,7,7,95,6.33
"Carignano, César",DEL,ATR,3900000,10,5,5,6,4,4,3,9,24,4,4,6,4,3,4,95,6.33
"Cahais, Matías",DEF,RAC,4300000,4,7,6,5,6,3,3,17,8,5,8,5,6,5,7,95,6.33
"Fontanini, Fabricio",DEF,ATR,4500000,7,7,6,6,5,6,5,5,25,5,5,5,1,0,6,94,6.71
"Regueiro, Mario",VOL,LAN,8000000,2,5,4,5,0,5,5,8,0,11,5,16,10,18,0,94,7.83
"Ferreyra, Facundo",DEL,VEL,5000000,0,0,0,0,1,0,0,20,2,4,5,4,26,20,11,93,10.33
"Bernardi, Lucas",VOL,NOB,4800000,5,6,6,5,0,6,7,11,11,4,6,7,7,7,4,92,6.57
"Farías, Ernesto",DEL,IND,8200000,4,5,4,4,5,10,5,9,20,12,6,0,0,5,3,92,7.08
"Figueroa, Marcos",DEL,ARG,1800000,3,4,6,7,4,2,5,26,11,4,6,4,5,3,0,90,6.43
"Braghieri, Diego",DEF,ARS,3300000,7,13,3,6,8,-1,0,5,4,8,8,4,4,13,8,90,6.43
"Migliore, Pablo",ARQ,SLO,4500000,5,14,4,8,10,5,5,3,-1,9,8,9,0,8,3,90,6
"Heinze, Gabriel",DEF,NOB,5500000,0,0,8,8,13,4,8,5,7,9,8,3,0,9,8,90,7.5
"Matos, Mauro",DEL,ALB,5800000,5,5,4,10,5,9,5,6,0,10,11,5,4,5,6,90,6.43
"Obolo, Mauro",DEL,GOD,8000000,5,4,16,2,4,4,4,5,10,4,5,9,8,5,5,90,6
"Núñez, Maximiliano",VOL,EST,3000000,12,5,6,6,4,5,12,6,5,5,5,0,5,6,7,89,6.36
"Trípodi, Emanuel",ARQ,QUI,3500000,9,11,2,5,3,4,14,1,4,4,8,1,4,15,3,88,5.87
"Pizarro, Guido",VOL,LAN,4500000,4,4,5,0,4,3,4,7,6,12,6,5,8,14,6,88,6.29
"Rodríguez, Juan P.",VOL,ALB,4500000,4,4,4,4,12,4,2,0,11,6,5,5,3,5,18,87,6.21
"Castro, Alexis N.",VOL,GOD,5900000,5,17,6,3,5,5,5,5,5,5,5,0,4,13,4,87,6.21
"Ramírez, David",VOL,GOD,6700000,9,5,6,4,20,4,12,5,4,4,4,6,4,0,0,87,6.69
"Stracqualursi, Denis",DEL,SLO,7200000,6,5,5,0,4,8,5,9,3,5,5,5,3,17,7,87,6.21
"Caire, Maximiliano",DEF,COL,2700000,9,6,2,15,8,5,7,5,5,4,4,6,5,5,0,86,6.14
"Mugni, Lucas",VOL,COL,2800000,6,5,2,6,5,5,17,12,6,4,5,4,5,4,0,86,6.14
"Schiavi, Rolando",DEF,BOC,6300000,1,8,4,15,4,3,4,4,9,3,8,4,14,5,0,86,6.14
"Martínez, Román",VOL,EST,7500000,6,4,17,0,2,2,5,10,5,9,5,2,0,12,6,85,6.54
"Osorio B., Humberto",DEL,SMA,3300000,0,0,0,0,0,16,4,10,10,20,8,5,3,3,5,84,8.4
"Sánchez, Carlos",VOL,RIV,4900000,0,5,11,5,4,2,3,4,2,21,2,6,5,7,7,84,6
"Navarro, Hilario",ARQ,IND,5000000,8,9,4,3,4,6,2,4,3,8,9,0,5,15,4,84,6
"Quiroga, Juan L.",DEF,BEL,3000000,5,8,2,5,3,13,6,8,5,3,6,7,4,0,8,83,5.93
"Villalba, Hernán",VOL,NOB,3000000,5,5,3,4,4,6,6,3,6,12,4,7,6,7,5,83,5.53
"Pereyra, Mauricio",VOL,LAN,3600000,0,0,13,3,6,12,3,5,5,6,7,6,4,6,7,83,6.38
"Bovaglio, Lucas",DEF,ATR,3800000,5,5,6,3,5,6,5,16,5,5,0,0,14,2,6,83,5.93
"Correa, Nicolás",DEF,UNI,4300000,5,5,6,15,5,6,7,4,5,3,5,5,2,5,5,83,5.53
"Cubero, Fabián",DEF,VEL,3900000,0,7,4,8,15,8,0,5,7,4,7,5,3,4,5,82,6.31
"Ojeda, Luis",ARQ,ARG,4200000,2,3,10,2,9,5,9,9,-2,9,4,4,4,9,5,82,5.47
"Insúa, Emanuel",DEF,GOD,500000,5,6,18,4,4,4,8,4,8,1,7,3,0,6,3,81,5.79
"Mattia, Francisco",DEF,SMA,1500000,3,6,4,5,4,8,5,8,5,6,6,6,4,8,3,81,5.4
"Pillud, Iván",DEF,RAC,4500000,0,7,9,5,7,5,2,6,8,7,8,3,0,7,7,81,6.23
"Papa, Emiliano",DEF,VEL,4900000,9,7,5,8,5,7,3,6,0,4,7,6,4,5,5,81,5.79
"Gigliotti, Emmanuel",DEL,COL,5200000,5,8,5,0,5,4,4,4,20,2,4,10,7,3,0,81,6.23
"Carbonero, Carlos",VOL,ARS,4000000,5,6,7,7,5,4,4,12,0,0,5,10,7,6,2,80,5.71
"Ceballos, Lucas",DEF,GOD,3100000,6,8,9,1,3,4,8,5,8,3,7,5,6,6,0,79,5.64
"Sigali, Leonardo",DEF,GOD,4600000,5,8,8,4,6,2,8,5,7,1,7,5,3,5,5,79,5.27
"Viatri, Lucas",DEL,BOC,5500000,5,15,5,0,20,4,7,5,4,4,4,2,0,4,0,79,6.58
"Fernández, Gastón",DEL,EST,8500000,11,5,6,7,5,5,11,7,6,6,6,4,0,0,0,79,6.58
"Erviti, Walter",VOL,BOC,9000000,6,5,0,0,3,6,5,4,4,6,6,12,7,10,5,79,6.08
"Barrera, Leandro",DEL,ARG,900000,0,0,7,9,15,5,5,7,5,5,0,5,5,5,5,78,6.5
"Luna, Jorge",VOL,SMA,2500000,0,0,0,5,0,8,6,18,5,4,7,6,10,4,5,78,7.09
"Grana, Hernán",DEF,ALB,3000000,6,5,4,6,6,4,4,0,0,0,8,17,7,5,6,78,6.5
"Pérez García, Matías",VOL,TIG,3600000,0,6,4,6,5,11,6,5,3,4,5,0,7,11,5,78,6
"Carrera, Sebastián",VOL,ATR,4100000,6,3,6,5,12,5,3,4,5,5,5,6,3,6,4,78,5.2
"Galmarini, Martín",VOL,TIG,4200000,5,3,5,17,6,3,11,6,5,6,5,0,0,3,3,78,6
"Campestrini, Cristian",ARQ,ARS,6000000,7,10,2,7,6,1,1,0,1,9,9,3,-1,8,15,78,5.57
"Peruzzi, Gino",DEF,VEL,1700000,8,7,6,18,11,6,8,0,4,4,0,0,5,0,0,77,7.7
"Alvarado, Pablo",DEF,SLO,3500000,5,7,4,7,3,3,3,5,0,8,8,5,6,8,5,77,5.5
"Ayala, Víctor",VOL,LAN,3800000,5,2,12,6,4,0,6,7,11,6,6,3,5,4,0,77,5.92
"Schunke, Jonathan",DEF,EST,2300000,8,0,0,0,5,7,7,3,2,6,7,4,15,7,5,76,6.33
"Aguiar, Luis",VOL,SLO,3800000,5,4,4,5,12,0,5,2,0,0,5,18,4,12,0,76,6.91
"Bastía, Adrián",VOL,COL,4000000,4,11,5,6,3,3,7,5,6,6,4,9,5,2,0,76,5.43
"Funes Mori, Rogelio",DEL,RIV,5000000,-3,21,6,5,5,10,4,3,0,7,5,0,3,4,6,76,5.85
"Olmedo, Nicolás",VOL,GOD,4200000,4,5,6,3,7,5,11,4,5,4,11,0,0,6,4,75,5.77
"Prósperi, Gonzalo",DEF,SLO,4500000,6,7,4,5,6,7,0,6,3,4,7,5,4,6,5,75,5.36
"Romero, Silvio",DEL,LAN,4800000,4,0,11,0,0,0,0,0,3,10,6,5,11,11,14,75,8.33
"Pérez, Pablo",VOL,NOB,4900000,6,5,6,3,2,11,5,7,5,3,11,0,4,4,3,75,5.36
"Cambiasso, Nicolás",ARQ,ALB,5000000,11,5,2,2,4,3,3,5,5,4,9,9,9,0,4,75,5
"Barovero, Marcelo",ARQ,RIV,6000000,0,10,3,8,4,1,4,5,9,8,5,2,8,8,0,75,5.77
"Carranza, César",DEL,BEL,3500000,14,5,11,6,3,8,5,0,0,0,6,11,0,5,0,74,7.4
"Ré, Germán",DEF,EST,4000000,3,2,8,5,5,8,7,3,5,5,6,5,4,4,4,74,4.93
"Buffarini, Julio",VOL,SLO,5400000,6,4,6,6,6,12,5,6,2,5,5,0,0,6,5,74,5.29
"PezDELla, Germán",DEF,RIV,2000000,0,0,0,0,14,0,7,4,8,8,6,6,12,8,0,73,8.11
"González, Esteban",VOL,BEL,3800000,5,6,5,5,0,0,5,6,5,7,6,6,7,4,6,73,5.62
"Landa, Lucas",DEF,SMA,3900000,5,6,2,5,2,8,5,8,6,6,3,2,3,7,5,73,4.87
"Lima, Pablo",DEF,QUI,3000000,0,5,16,5,2,4,8,4,6,4,0,0,6,7,5,72,6
"Pérez, Damián A.",DEF,ARS,3900000,7,8,8,0,0,0,0,0,2,13,8,5,5,8,8,72,7.2
"Urribarri, Bruno",DEF,COL,3500000,7,8,4,5,4,4,5,0,4,5,4,3,5,8,5,71,5.07
"Marcone, Iván",VOL,ARS,3900000,4,5,7,3,6,5,4,4,4,6,5,3,5,4,6,71,4.73
"Bianchi Arce, Nicolás",DEF,SLO,3900000,5,8,4,8,6,6,3,3,4,7,6,3,3,0,5,71,5.07
"Pérez, Claudio",DEF,BEL,4300000,0,8,4,0,3,7,5,10,2,0,3,8,6,7,8,71,5.92
"Montoya, Germán",ARQ,VEL,4400000,9,15,5,9,6,8,9,5,0,5,0,0,0,0,0,71,7.1
"Fritzler, Matías",VOL,LAN,4600000,0,5,6,4,0,5,0,5,6,4,3,6,7,13,7,71,5.46
"Ferreyra, Osmar",VOL,IND,4700000,0,0,0,4,4,6,7,11,7,11,4,0,5,6,6,71,6.45
"Pozo, Diego",ARQ,COL,4800000,10,8,2,6,5,3,3,3,3,4,3,4,4,8,5,71,4.73
"Silva, Santiago",DEL,BOC,11000000,0,0,18,0,4,3,11,2,4,10,4,7,3,0,5,71,6.45
"Romero, Sebastián",VOL,QUI,3400000,5,6,7,4,4,2,5,5,6,4,6,3,5,5,3,70,4.67
"Desábato, Leandro",DEF,EST,4700000,4,3,5,5,6,0,8,6,3,5,8,3,5,5,4,70,5
"Sánchez, Nicolás",DEF,GOD,4800000,6,6,4,4,6,4,7,6,7,3,0,4,5,4,4,70,5
"Melano, Lucas",DEL,BEL,1000000,10,5,6,4,5,3,4,6,2,7,6,5,0,6,0,69,5.31
"Vizcarrondo, Oswaldo",DEF,LAN,3700000,0,4,6,4,5,0,8,7,2,6,5,7,8,7,0,69,5.75
"Ahumada, Oscar",VOL,ALB,4000000,3,5,5,4,9,5,0,6,6,5,4,0,6,4,7,69,5.31
"Moreno y Fabianesi, Iván",VOL,COL,5000000,13,5,6,10,6,5,6,2,0,4,1,0,6,5,0,69,5.75
"Villar, Justo",ARQ,EST,5300000,5,3,9,2,5,0,10,5,4,4,9,4,2,4,3,69,4.93
"Burdisso, Guillermo",DEF,BOC,6100000,0,0,16,0,7,6,0,0,6,5,7,2,6,6,8,69,6.9
"Ftacla, Diego",DEL,TIG,1300000,0,0,10,10,5,10,5,5,5,5,5,0,4,4,0,68,6.18
"Lértora, Federico",VOL,GOD,2900000,0,6,6,0,5,4,5,5,6,0,6,6,12,4,3,68,5.67
"Zapata, Duván",DEL,EST,3000000,0,0,5,0,0,0,0,0,0,15,5,3,10,20,10,68,9.71
"Orban, Lucas",DEF,TIG,3800000,0,6,15,5,6,3,0,2,8,8,6,0,0,5,3,67,6.09
"Cobo, Juan M.",VOL,QUI,2500000,6,6,5,5,0,0,0,0,4,5,5,3,17,5,5,66,6
"Aveldaño, Lucas",DEF,BEL,3000000,0,0,0,7,0,8,7,7,4,6,5,5,3,7,7,66,6
"Raldes, Ronald",DEF,COL,3500000,8,8,3,0,5,0,6,5,5,4,5,6,5,6,0,66,5.5
"Grazzini, Sebastián",VOL,ATR,3800000,0,0,0,6,4,15,3,5,7,5,7,0,6,4,4,66,6
"González, Federico",DEL,ATR,4000000,4,5,5,5,5,5,5,6,5,4,2,6,0,4,5,66,4.71
"Ortiz, Jorge",VOL,ARS,4600000,6,3,4,4,4,5,5,4,0,5,10,6,0,5,5,66,5.08
"Pelletieri, Agustín",VOL,RAC,4800000,4,4,7,6,8,3,5,6,4,5,2,4,4,4,0,66,4.71
"Villar, Diego",VOL,RAC,5300000,6,6,7,0,4,5,5,3,6,3,5,2,4,5,5,66,4.71
"Vangioni, Leonel",VOL,NOB,3500000,5,4,5,6,3,6,6,5,5,6,3,3,3,0,5,65,4.64
"Echeverría, Mariano",DEF,TIG,6200000,4,6,4,6,5,4,6,2,6,0,6,0,6,5,5,65,5
"Juárez, Iván",VOL,ATR,3000000,3,4,5,12,5,3,4,0,5,1,5,11,3,3,0,64,4.92
"Ferro, Raúl",VOL,ATR,3500000,0,0,6,10,6,4,6,4,6,3,4,3,2,5,5,64,4.92
"Battión, Roberto",VOL,IND,3500000,4,6,0,5,0,4,6,6,4,8,7,0,5,4,5,64,5.33
"Garcé, Ariel",DEF,ARG,4000000,3,2,5,5,6,3,7,2,0,8,5,5,2,6,5,64,4.57
"Rodríguez, Maximiliano R.",VOL,NOB,9000000,5,5,0,7,6,0,6,5,5,12,0,0,3,5,5,64,5.82
"Corvalán, Claudio",DEF,RAC,3000000,5,7,8,2,5,4,3,0,7,7,5,2,1,0,7,63,4.85
"Garnier, Pablo",VOL,QUI,3300000,13,6,12,5,5,6,5,2,5,4,0,0,0,0,0,63,6.3
"Nervo, Hugo M.",DEF,ARS,4000000,5,5,1,5,7,4,4,3,3,7,7,4,3,5,0,63,4.5
"Sabia, Juan",DEF,ARG,4100000,4,4,4,3,8,4,5,2,3,6,0,4,4,7,5,63,4.5
"Alderete, Andrés",VOL,SMA,3000000,0,6,4,3,3,6,5,6,4,6,4,5,6,4,0,62,4.77
"Eluchans, Juan",VOL,ATR,3100000,4,3,3,5,4,12,5,5,4,3,0,0,5,5,4,62,4.77
"Castillón, Facundo",DEL,GOD,3100000,6,4,7,4,5,6,5,5,5,4,0,0,6,5,0,62,5.17
"Mansilla, Jacobo",VOL,QUI,3200000,0,0,0,5,0,13,4,4,5,3,6,6,5,5,6,62,5.64
"Velázquez, Maxi",DEF,LAN,3700000,3,3,7,5,3,7,8,9,-1,0,1,0,7,5,5,62,4.77
"Velázquez, Julián",DEF,IND,5000000,0,0,0,0,0,6,4,5,5,8,23,0,1,5,5,62,6.89
"Carrillo, Guido",DEL,EST,2000000,8,5,5,10,4,6,5,3,3,5,4,3,0,0,0,61,5.08
"Carli, Joel",DEF,QUI,2600000,8,3,14,0,0,6,6,4,5,3,9,3,0,0,0,61,5.55
"Alemán, Brahian",VOL,UNI,2800000,5,5,5,7,4,5,5,6,4,4,4,4,0,3,0,61,4.69
"Iñiguez, Gaspar",VOL,ARG,3000000,0,0,7,5,5,6,6,7,10,6,4,5,0,0,0,61,6.1
"Jara, Diego",DEL,UNI,3700000,6,4,0,3,0,5,4,7,2,5,4,4,9,4,4,61,4.69
"Iberbia, Raúl",DEF,EST,3800000,0,0,7,5,4,7,7,5,0,6,5,4,2,5,4,61,5.08
"Paredes, Leandro",VOL,BOC,1300000,0,0,0,12,4,0,0,0,4,4,2,0,24,4,6,60,7.5
"Sánchez Miño, Juan M.",VOL,BOC,3000000,0,7,8,0,5,5,18,4,4,4,3,2,0,0,0,60,6
"Ibáñez, Nelson",ARQ,GOD,4200000,4,9,9,3,4,0,0,0,14,-3,9,3,5,3,0,60,5
"Alcoba, Gerardo",DEF,COL,3900000,0,8,5,3,5,13,5,2,5,3,5,0,5,0,0,59,5.36
"Donnet, Matías",VOL,UNI,3900000,4,4,5,0,12,3,4,5,3,0,5,4,0,5,5,59,4.92
"Turus, Gastón",DEF,BEL,4000000,3,5,4,7,0,0,4,7,5,4,6,4,5,5,0,59,4.54
"Grabinski, Cristian",DEF,SMA,3800000,0,0,0,0,0,8,5,8,6,6,7,3,4,7,4,58,5.8
"Prediger, Sebastián",VOL,COL,4500000,10,4,6,9,5,1,0,5,0,4,0,2,0,0,12,58,5.8
"Cirigliano, Ezequiel",VOL,RIV,4600000,4,5,4,5,0,0,5,0,5,6,4,5,3,6,6,58,4.83
"Camoranesi, Mauro",VOL,RAC,5800000,4,5,5,2,0,4,2,6,0,6,3,6,7,5,3,58,4.46
"Camacho, Washington",DEF,GOD,2800000,0,0,0,6,7,4,0,0,9,2,8,7,8,6,0,57,6.33
"Zapata, Martín",VOL,BEL,4000000,7,4,0,5,11,3,5,4,4,0,0,5,5,4,0,57,5.18
"Kalinski, Enzo",VOL,SLO,4200000,0,0,0,0,5,6,3,3,6,4,4,6,5,4,11,57,5.18
"Olivera, Wilfredo",DEF,QUI,2200000,6,5,2,3,3,5,7,5,5,3,0,0,3,7,2,56,4.31
"Vallés, Gabriel",DEF,IND,2800000,7,7,0,0,2,6,0,3,3,8,5,0,3,6,6,56,5.09
"Anangonó, Juan",DEL,ARG,3500000,0,0,0,0,0,0,15,0,11,5,5,5,6,4,5,56,7
"Bella, Iván",VOL,VEL,3500000,5,0,0,3,0,5,18,3,4,5,4,3,0,3,3,56,5.09
"Placente, Diego",DEF,ARG,4000000,0,5,13,6,0,0,0,4,5,4,3,0,1,7,8,56,5.09
"Lugüercio, Pablo",DEL,ARS,4000000,4,4,4,5,5,0,1,4,4,5,4,3,5,5,3,56,4
"Curuchet, Facundo",DEL,COL,1200000,0,5,15,5,6,0,0,4,0,0,4,6,4,6,0,55,6.11
"Jara, Leonardo",VOL,EST,2200000,5,5,5,4,4,3,0,0,5,6,5,3,4,0,6,55,4.58
"Soto, Carlos",DEF,ALB,3000000,0,5,5,2,5,4,3,3,2,0,8,5,4,4,5,55,4.23
"Valeri, Diego",VOL,LAN,7600000,5,3,0,0,0,0,5,15,6,0,0,0,6,3,12,55,6.88
"Aguirre, Nicolás",VOL,ARS,4400000,9,4,6,4,0,0,1,0,4,3,5,0,10,3,5,54,4.91
"Jara, Franco",DEL,SLO,7000000,16,5,5,3,1,0,4,4,3,1,5,5,2,0,0,54,4.5
"García, Javier",ARQ,TIG,4800000,3,3,-2,5,5,5,3,2,9,14,4,0,2,0,0,53,4.08
"Bottinelli, Jonathan",DEF,RIV,4900000,0,0,0,0,0,3,2,4,9,9,0,5,6,7,8,53,5.3
"Rosales, Paulo",VOL,IND,5000000,2,5,2,6,5,4,6,4,6,6,4,0,3,0,0,53,4.42
"Mercado, Gabriel",DEF,RIV,5000000,5,7,5,7,2,4,0,0,0,0,0,2,6,7,8,53,5.3
"Lanzini, Manuel",VOL,RIV,5000000,13,5,13,4,0,0,0,5,5,6,2,0,0,0,0,53,6.63
"Rodríguez, Clemente",DEF,BOC,6000000,4,8,6,0,5,0,2,4,4,0,7,4,4,0,5,53,4.82
"Ardente, Luis",ARQ,SMA,3200000,3,3,1,0,0,9,1,14,5,7,2,3,4,0,0,52,4.73
"Castellani, Gonzalo",VOL,GOD,3500000,6,5,7,6,0,0,4,6,7,5,0,0,6,0,0,52,5.78
"Braña, Rodrigo",VOL,EST,4800000,2,4,5,2,1,0,3,9,0,5,8,3,5,5,0,52,4.33
"Allione, Agustín",VOL,VEL,400000,8,5,5,6,0,0,0,0,6,0,0,3,6,6,6,51,5.67
"Nagüel, Santiago",VOL,ARG,2800000,4,2,4,6,0,0,4,4,0,0,5,0,0,11,11,51,5.67
"Diz, Facundo",DEL,QUI,3000000,5,5,4,9,4,0,0,4,0,0,4,5,5,5,1,51,4.64
"Donatti, Alejandro",DEF,TIG,2700000,0,0,0,2,6,6,5,3,0,8,0,0,15,5,0,50,6.25
"Bustos, Maximiliano",VOL,SMA,3000000,6,0,0,5,3,4,2,4,6,3,0,5,3,5,4,50,4.17
"Aquino, Víctor",DEL,BEL,2900000,0,0,0,0,5,0,0,0,5,9,5,5,10,5,5,49,6.13
"Lequi, Matías",DEF,ALB,3000000,6,6,5,6,5,4,6,5,6,0,0,0,0,0,0,49,5.44
"Leone, Ramiro",VOL,TIG,3900000,0,6,4,0,5,5,5,0,5,4,5,0,0,6,4,49,4.9
"Cavallaro, Juan I.",VOL,UNI,1300000,4,0,0,0,3,4,4,6,5,5,4,0,4,5,4,48,4.36
"Maidana, Mauro",DEF,UNI,1900000,1,4,5,-1,0,4,6,4,5,4,4,2,5,4,1,48,3.43
"Zuculini, Bruno",VOL,RAC,2700000,0,0,0,0,0,0,0,7,6,4,3,5,12,6,5,48,6
"Vella, Cristian",DEF,ATR,2800000,1,7,3,2,0,5,5,7,2,4,5,5,2,0,0,48,4
"Goñi, Ernesto",DEF,QUI,2800000,7,0,0,0,5,0,0,0,0,0,7,5,13,6,5,48,6.86
"Tula, Cristian",DEF,IND,4200000,6,8,3,6,13,3,5,0,0,0,0,0,4,0,0,48,6
"DELaya, Emilio",DEL,ARS,5000000,0,4,6,5,3,4,0,0,0,0,5,5,5,5,6,48,4.36
"Kannemann, Walter",DEF,SLO,2800000,0,7,4,5,0,0,0,0,4,5,0,0,0,18,4,47,6.71
"Galeano, Leonel",DEF,IND,3800000,0,0,0,0,2,0,2,3,6,7,8,0,5,9,5,47,5.22
"Trezeguet, David",DEL,RIV,11000000,4,8,0,5,4,10,4,4,0,4,0,4,0,0,0,47,5.22
"Coronel, Maximiliano",DEF,ALB,2000000,0,0,0,0,0,0,0,2,6,6,8,12,5,1,6,46,5.75
"Benedetto, Darío",DEL,ARS,2500000,5,0,11,11,3,3,4,5,4,0,0,0,0,0,0,46,5.75
"Tonso, Martín",VOL,NOB,2700000,0,5,6,0,0,7,0,5,6,3,4,5,5,0,0,46,5.11
"Capurro, Alejandro",VOL,ARG,3300000,3,6,0,0,0,11,5,6,0,5,2,4,4,0,0,46,5.11
"Sperduti, Mauricio",VOL,NOB,4800000,2,17,5,4,4,5,5,0,0,0,0,0,0,0,4,46,5.75
"Ramírez, Rubén",DEL,COL,8800000,6,0,0,0,8,5,9,2,0,2,5,0,5,0,4,46,5.11
"Ruiz, Alan",VOL,SLO,2500000,0,0,0,0,0,0,0,6,4,5,5,13,2,4,6,45,5.63
"Ferrari, Jonathan",DEF,ALB,2800000,0,0,0,0,0,0,0,5,5,5,8,8,7,1,6,45,5.63
"Maggiolo, Ezequiel",DEL,TIG,4400000,2,5,4,4,2,4,9,0,4,0,5,0,3,0,3,45,4.09
"Castillejos, Gonzalo",DEL,LAN,4500000,3,4,6,8,5,1,4,5,4,0,0,0,0,0,5,45,4.5
"Figueroa, Víctor",VOL,NOB,4600000,5,6,5,4,5,4,0,0,0,0,5,6,5,0,0,45,5
"Rodríguez, Sergio",DEF,BEL,2600000,5,7,2,7,1,0,0,0,0,15,0,0,0,7,0,44,6.29
"Gelabert, Marcos",VOL,EST,2900000,0,0,3,5,3,6,3,3,5,0,0,0,5,5,6,44,4.4
"Ferreira, Diego",VOL,TIG,3000000,0,5,5,5,4,4,0,0,5,3,3,0,5,0,5,44,4.4
"Díaz, Leandro J.",VOL,QUI,3400000,0,6,5,4,5,0,5,0,0,0,3,4,5,2,5,44,4.4
"Vargas, Fabián",VOL,IND,5200000,0,5,4,1,0,0,6,5,4,7,3,0,0,4,5,44,4.4
"Sand, José",DEL,RAC,8200000,-5,5,15,4,4,1,3,3,0,0,5,0,5,4,0,44,4
"Núñez, Leonel",DEL,ARG,3700000,0,0,6,11,6,6,5,5,0,0,4,0,0,0,0,43,6.14
"Paparatto, Norberto",DEF,TIG,2900000,5,5,2,0,0,0,0,3,8,6,6,0,5,0,2,42,4.67
"Mirabaje, Matias",VOL,SLO,3100000,0,0,0,0,0,6,3,4,4,4,4,6,11,0,0,42,5.25
"González Pirez, Leandro",DEF,RIV,3500000,5,7,4,6,0,0,0,0,8,5,1,2,0,0,4,42,4.67
"Cerro, Francisco",VOL,VEL,3700000,4,0,0,18,0,0,0,0,0,5,1,7,0,4,3,42,5.25
"Caffa, Juan P.",VOL,ARS,3800000,0,3,4,0,12,4,0,0,0,4,0,5,5,5,0,42,5.25
"Quiroga, Facundo",DEF,ALB,3900000,3,5,5,5,5,4,5,0,0,3,7,0,0,0,0,42,4.67
"Morel, Martín",VOL,ALB,4000000,5,5,4,4,12,2,5,0,0,0,0,0,0,0,5,42,5.25
"Mansanelli, César",VOL,BEL,4000000,0,5,0,0,5,6,0,6,5,0,0,0,5,6,4,42,5.25
"Caprari, Gastón",DEL,SMA,3800000,5,4,5,0,-3,0,4,11,0,6,0,5,2,2,0,41,3.73
"Pellegrino, Maximiliano",DEF,COL,4600000,8,0,0,4,0,5,0,5,8,0,0,3,3,5,0,41,5.13
"Leguizamón, Luciano",DEL,IND,7000000,6,4,1,4,0,4,6,4,2,10,0,0,0,0,0,41,4.56
"Barisone, Diego",DEF,UNI,1500000,7,0,0,0,0,0,0,13,3,2,4,3,5,3,0,40,5
"Graciani, Gabriel",VOL,COL,2200000,0,0,0,0,0,3,5,6,7,4,5,5,0,0,5,40,5
"Albín, Emiliano",DEF,BOC,2600000,0,0,0,4,0,9,4,4,5,5,0,4,5,0,0,40,5
"Quilez, Ismael",DEF,QUI,2900000,8,5,5,4,5,0,0,5,4,4,0,0,0,0,0,40,5
"Míguez, Pablo",VOL,UNI,3100000,3,-1,0,5,4,2,4,5,3,2,0,5,3,5,0,40,3.33
"Barzola, Pablo",DEF,ARG,3200000,4,0,5,4,0,0,0,0,3,0,0,0,4,5,15,40,5.71
"Sánchez, Fernando",VOL,ALB,3500000,6,0,0,0,5,3,3,0,0,0,5,3,5,5,5,40,4.44
"Caneo, Miguel",VOL,QUI,4800000,12,4,0,5,6,9,4,0,0,0,0,0,0,0,0,40,5.71
"Pittinari, Lucas",VOL,BEL,600000,0,0,0,5,5,4,9,0,4,6,6,0,0,0,0,39,5.57
"Díaz, Gastón",VOL,TIG,2400000,5,0,0,5,0,5,5,0,5,0,5,0,5,0,4,39,4.88
"Masuero, Abel",DEF,SLO,2900000,0,7,0,7,6,6,1,0,-2,0,7,0,0,7,0,39,4.88
"Morel Rodríguez, Claudio",DEF,IND,4500000,4,6,-1,3,0,3,2,0,6,8,8,0,0,0,0,39,4.33
"Chávez, Cristian",VOL,BOC,4800000,4,12,5,0,4,2,0,0,4,4,0,4,0,0,0,39,4.88
"Navarro, Sebastián",VOL,ARG,2500000,0,0,0,0,5,5,0,0,6,4,0,0,11,3,4,38,5.43
"Somoza, Leandro",VOL,BOC,4400000,4,5,5,0,3,2,3,4,4,1,5,2,0,0,0,38,3.45
"Avendaño, Juan P.",DEF,UNI,4400000,6,5,13,2,2,3,7,0,0,0,0,0,0,0,0,38,5.43
"Castaño, Diego",VOL,TIG,4500000,3,6,5,6,7,0,4,3,4,0,0,0,0,0,0,38,4.75
"Funes Mori, Ramiro",DEF,RIV,3500000,0,6,2,6,4,4,-1,0,5,7,4,0,0,0,0,37,4.11
"Carniello, Oscar",DEF,ATR,3700000,0,0,0,0,0,0,0,0,7,0,0,6,5,12,7,37,7.4
"Sosa, Sebastián",ARQ,VEL,3900000,0,0,0,0,0,0,0,0,0,0,8,9,6,5,9,37,7.4
"Toranzo, Patricio",VOL,ALB,4800000,0,0,0,0,0,5,4,5,5,4,11,0,4,-1,0,37,4.63
"López, Víctor",DEF,NOB,4800000,7,8,2,0,2,2,0,0,0,0,0,5,3,8,0,37,4.63
"Zapata, Víctor",VOL,IND,5100000,4,0,0,0,0,5,0,0,5,6,4,0,3,4,6,37,4.63
"Mazacotte, Ricardo",DEF,UNI,3000000,2,4,6,0,0,0,7,2,3,0,4,5,3,0,0,36,4
"Rojas, Ariel",VOL,RIV,5000000,5,6,5,0,5,5,2,2,0,0,0,2,4,0,0,36,4
"Orion, Agustín",ARQ,BOC,5500000,0,0,0,0,0,0,0,0,4,1,9,1,3,9,9,36,5.14
"Romero, Lucas",VOL,VEL,300000,0,0,0,0,0,0,7,6,4,0,6,0,5,0,7,35,5.83
"Aguirre, Martín",VOL,RIV,3600000,3,4,0,0,3,4,0,3,4,14,0,0,0,0,0,35,5
"Benítez, Oscar",VOL,LAN,500000,0,5,0,11,6,6,0,0,0,0,0,6,0,0,0,34,6.8
"Bruna, Nicolás",VOL,UNI,2700000,0,0,5,-2,0,0,0,0,0,4,2,3,11,5,6,34,4.25
"Perea, Emanuel",VOL,ALB,3000000,5,5,3,3,0,0,0,5,3,4,0,0,0,0,6,34,4.25
"Maidana, Jonatan",DEF,RIV,4200000,5,8,5,5,5,2,4,0,0,0,0,0,0,0,0,34,4.86
"Serrano, Jorge",DEF,QUI,3000000,0,0,0,0,0,5,5,0,0,0,7,5,5,6,0,33,5.5
"Chiapello, Federico",DEL,UNI,300000,0,0,0,0,0,0,0,0,10,0,0,3,10,4,5,32,6.4
"Vidal, Patricio",DEL,IND,1800000,0,0,0,5,4,0,5,5,0,0,0,0,4,5,4,32,4.57
"Limia, Alejandro",ARQ,UNI,3500000,4,2,5,5,0,4,8,2,2,0,0,0,0,0,0,32,4
"Ustari, Oscar",ARQ,BOC,5000000,2,10,5,0,6,4,4,1,0,0,0,0,0,0,0,32,4.57
"Hauche, Gabriel",DEL,RAC,5800000,4,5,8,6,0,4,5,0,0,0,0,0,0,0,0,32,5.33
"Kruspzky, Lucas",DEF,ARS,1300000,0,0,0,7,13,4,5,2,0,0,0,0,0,0,0,31,6.2
"Pío, Emanuel",VOL,TIG,3000000,9,5,5,0,0,5,5,-1,0,3,0,0,0,0,0,31,4.43
"Galván, Diego",VOL,UNI,3300000,0,0,7,3,0,12,4,0,0,0,1,0,4,0,0,31,5.17
"Matellán, Aníbal",DEF,ARG,4000000,4,0,0,0,8,6,4,4,5,0,0,0,0,0,0,31,5.17
"Poggi, Federico",VOL,SMA,4000000,5,6,5,5,6,0,0,0,0,0,0,0,0,4,0,31,5.17
"Acosta, Lautaro",DEL,BOC,6600000,0,0,0,5,0,0,0,0,0,0,6,3,6,5,6,31,5.17
"Batista, Nicolás",DEF,ARG,1500000,0,0,0,0,7,7,7,0,0,0,0,4,0,0,5,30,6
"Riaño, Claudio",DEL,SMA,2000000,0,0,0,5,9,6,0,0,0,0,6,0,0,0,4,30,6
"Torrico, Sebastián",ARQ,GOD,4200000,0,0,0,0,9,1,7,5,0,0,0,0,0,0,8,30,6
"Botta, Rubén",VOL,TIG,2600000,0,0,0,6,0,0,6,3,4,4,0,0,0,0,6,29,4.14
"Sosa, Franco",DEF,BOC,4000000,3,7,5,0,0,0,0,0,0,0,0,0,0,6,8,29,5.8
"Ferreira, Brian",VOL,VEL,900000,6,5,5,0,0,0,6,0,0,0,0,0,0,6,0,28,5.6
"Colazo, Nicolás",VOL,BOC,3000000,0,0,0,7,0,0,0,4,0,0,5,6,6,0,0,28,5.6
"Luna, Carlos",DEL,RIV,9900000,0,0,3,0,0,0,0,0,10,0,4,0,2,4,5,28,4.67
"Franzoia, Andrés",DEL,UNI,3500000,0,0,0,4,1,3,5,4,0,0,0,0,0,0,10,27,4.5
"Serrano, Walter",VOL,ATR,3600000,0,0,0,0,5,5,6,5,0,0,0,4,0,0,2,27,4.5
"Cámpora, Javier",DEL,RAC,4500000,0,0,0,0,0,0,4,0,10,4,5,4,0,0,0,27,5.4
"Hernández, Pablo",VOL,ARG,5000000,5,0,0,0,0,0,0,5,6,5,0,4,2,0,0,27,4.5
"Santander, Federico",DEL,TIG,2500000,5,0,0,0,0,0,4,5,0,3,0,0,0,4,5,26,4.33
"Mancuello, Federico",VOL,IND,3000000,0,6,3,0,0,0,0,0,0,0,6,0,0,5,6,26,5.2
"Alarcón, Francisco",DEF,SMA,1600000,0,0,0,0,0,0,0,0,0,0,4,0,0,5,16,25,8.33
"Sarmiento, Marcelo",VOL,UNI,3000000,0,0,5,5,5,0,0,5,5,0,0,0,0,0,0,25,5
"Laba, Matías",VOL,ARG,3300000,0,3,4,4,0,0,0,5,5,0,0,2,2,0,0,25,3.57
"Caruzzo, Matías",DEF,BOC,4100000,3,8,0,0,0,0,3,3,0,0,0,0,0,0,8,25,5
"Ledesma, Pablo",VOL,BOC,5500000,2,2,5,0,4,8,0,0,0,4,0,0,0,0,0,25,4.17
"Magnín, Pablo",DEL,UNI,1700000,0,5,0,3,0,0,0,10,4,0,2,0,0,0,0,24,4.8
"López, Jonathan",DEL,ATR,2500000,0,0,0,0,6,4,0,0,0,0,0,0,4,5,5,24,4.8
"Monserrat, Fabián",VOL,IND,2500000,5,6,4,4,5,0,0,0,0,0,0,0,0,0,0,24,4.8
"Mandarino, Germán",VOL,QUI,2600000,0,0,0,0,0,0,0,0,0,0,0,10,4,5,5,24,6
"Núñez, Cristian",DEL,UNI,3200000,5,0,0,0,3,5,4,0,0,2,5,0,0,0,0,24,4
"Penco, Sebastián",DEL,SMA,4000000,10,5,4,5,0,0,0,0,0,0,0,0,0,0,0,24,6
"Bordagaray, Fabián",DEL,SLO,4200000,0,0,5,0,0,0,0,0,0,0,0,0,4,6,9,24,6
"Copete, Jonathan",DEL,VEL,4500000,0,6,6,7,5,0,0,0,0,0,0,0,0,0,0,24,6
"Fernández, Guillermo",VOL,BOC,1000000,0,0,0,0,0,0,0,0,0,0,5,0,6,5,7,23,5.75
"Ramírez, Juan E.",VOL,ARG,1600000,3,4,0,0,0,0,0,0,0,0,0,0,4,6,6,23,4.6
"Erbes, Cristian",VOL,BOC,2500000,0,0,0,7,0,0,0,0,0,0,0,0,6,5,5,23,5.75
"Gómez, Ricardo",VOL,COL,3000000,0,0,0,0,0,0,0,0,5,0,0,6,2,6,4,23,4.6
"Mercier, Juan",VOL,SLO,5500000,4,0,4,0,0,3,5,0,0,5,0,0,0,0,2,23,3.83
"Céliz, Milton",DEL,ARS,500000,0,0,0,0,0,0,0,0,0,3,6,4,5,4,0,22,4.4
"Auzqui, Carlos",DEL,EST,1000000,0,0,0,0,0,3,0,0,0,0,0,5,6,3,5,22,4.4
"Lugo, Maximiliano",DEF,UNI,1800000,0,0,0,4,4,0,0,6,0,0,0,5,3,0,0,22,4.4
"Ledesma, Eduardo",VOL,GOD,3500000,0,0,0,0,0,0,5,6,0,0,0,5,6,0,0,22,5.5
"Izquierdoz, Carlos",DEF,LAN,3700000,2,0,0,0,0,7,0,7,0,0,0,0,0,0,6,22,5.5
"Pereyra, César",DEL,BEL,4800000,0,0,0,0,0,0,0,5,4,0,0,9,-1,0,5,22,4.4
"Torrén, Miguel",DEF,ARG,3500000,0,3,0,0,0,0,0,0,0,8,6,4,0,0,0,21,5.25
"Villalva, Daniel",DEL,RIV,3600000,0,0,10,5,0,0,2,0,0,0,0,0,4,0,0,21,5.25
"Rivero, Diego",VOL,BOC,4600000,0,0,0,5,0,0,5,4,4,0,0,0,3,0,0,21,4.2
"Tuzzio, Eduardo",DEF,IND,5000000,5,9,3,3,1,0,0,0,0,0,0,0,0,0,0,21,4.2
"Espinoza, Gonzalo",VOL,ARS,2800000,0,0,0,0,5,0,0,5,4,0,0,0,6,0,0,20,5
"Montero, Fausto",VOL,UNI,3000000,3,5,2,0,0,0,0,0,0,4,4,0,0,0,2,20,3.33
"Casais, Eduardo",DEF,ARS,3200000,0,0,0,0,0,0,0,5,0,0,0,8,0,0,7,20,6.67
"Fissore, Matías",VOL,ATR,3500000,5,5,5,5,0,0,0,0,0,0,0,0,0,0,0,20,5
"Telechea, Fernando",DEL,QUI,3500000,0,0,0,0,4,0,5,4,4,3,0,0,0,0,0,20,4
"Curbelo, Jorge",DEF,GOD,3600000,7,0,0,0,0,0,0,0,0,0,7,3,0,0,3,20,4
"Blandi, Nicolás",DEL,BOC,4300000,0,5,0,10,0,0,0,0,0,0,0,0,0,5,0,20,6.67
"Santana, Jonathan",VOL,IND,4700000,0,6,5,0,0,0,0,0,4,0,0,0,0,5,0,20,5
"Martínez, Diego",DEF,RIV,300000,0,0,0,0,0,0,0,5,0,0,0,0,4,5,5,19,4.75
"Fariña, Luis C.",VOL,RAC,2200000,0,0,0,6,0,0,0,0,0,0,0,0,0,6,7,19,6.33
"Vildozo, Angel",DEL,ALB,2800000,0,0,0,0,5,0,0,0,9,0,0,0,0,5,0,19,6.33
"Balbi, Luciano",DEF,LAN,3000000,0,0,0,0,0,0,0,0,0,7,5,7,0,0,0,19,6.33
"Oberman, Gustavo",DEL,ARG,3300000,2,3,0,0,5,0,0,0,0,0,4,0,0,5,0,19,3.8
"Fredes, Hernán",VOL,IND,3800000,5,0,0,0,4,6,4,0,0,0,0,0,0,0,0,19,4.75
"Bianchi, Bruno",DEF,UNI,1800000,0,0,0,0,0,5,0,0,0,0,0,-1,0,0,14,18,4.5
"Escobar, Matías",VOL,TIG,2700000,0,0,0,0,5,3,0,0,0,0,0,0,6,4,0,18,4.5
"Migliónico, Leonardo",DEF,RAC,3500000,0,0,0,4,0,0,0,8,0,0,0,0,6,0,0,18,6
"Vega, Daniel",ARQ,RIV,4000000,2,0,0,0,0,0,0,0,0,0,0,0,0,8,8,18,6
"Angeleri, Marcos",DEF,EST,4900000,3,4,7,4,0,0,0,0,0,0,0,0,0,0,0,18,4.5
"Sevillano, Diego",DEL,GOD,600000,0,0,0,9,0,4,0,0,0,0,0,4,0,0,0,17,5.67
"Silva, Agustín",ARQ,EST,1000000,0,0,0,0,0,13,0,0,0,0,0,0,0,0,4,17,8.5
"Perafán, Martín",ARQ,UNI,2700000,0,0,0,0,0,0,0,0,0,3,3,3,2,3,3,17,2.43
"Bernardello, Hernán",VOL,COL,4500000,0,0,0,0,0,0,0,0,6,5,2,0,0,0,4,17,4.25
"Piatti, Ignacio",VOL,SLO,6700000,0,0,0,0,0,11,0,0,6,0,0,0,0,0,0,17,8.5
"Moreno, Emanuel",VOL,UNI,1100000,0,0,0,0,0,0,0,0,0,3,0,0,6,4,3,16,4
"Rudler, Matías",VOL,SMA,2400000,0,6,5,5,0,0,0,0,0,0,0,0,0,0,0,16,5.33
"Luque, Carlos",DEL,COL,2500000,0,0,0,0,0,0,0,0,0,0,0,4,5,3,4,16,4
"Palomino, José L.",DEF,SLO,3000000,5,7,0,0,0,0,0,4,0,0,0,0,0,0,0,16,5.33
"Torassa, Agustín",DEL,TIG,3200000,5,2,5,0,0,0,0,0,0,0,0,0,0,4,0,16,4
"Gandín, Darío",DEL,ATR,5100000,0,0,0,0,0,0,0,0,0,0,6,5,5,0,0,16,5.33
"Sosa, Diego",DEF,SMA,1300000,0,0,0,0,5,0,5,0,0,0,5,0,0,0,0,15,5
"Mattos, Pablo",VOL,QUI,1500000,0,0,0,0,0,5,5,5,0,0,0,0,0,0,0,15,5
"Benítez, Martín",DEL,IND,2100000,5,0,5,0,0,0,0,0,0,0,0,0,4,1,0,15,3.75
"Casco, Milton",DEF,NOB,2800000,0,0,0,5,6,4,0,0,0,0,0,0,0,0,0,15,5
"Villafáñez, Lucas",VOL,IND,2900000,0,0,0,0,0,0,0,4,0,0,6,0,5,0,0,15,5
"Achucarro, Jorge",DEL,COL,3800000,0,0,0,0,0,0,0,0,9,4,0,0,0,0,2,15,5
"Pocrnjic, Luciano",ARQ,SMA,4000000,0,0,0,3,3,9,0,0,0,0,0,0,0,0,0,15,5
"Rodríguez R., Germán",VOL,ATR,600000,0,0,5,4,0,0,0,0,0,0,0,0,0,0,5,14,4.67
"D'Angelo, Sebastián",ARQ,BOC,700000,0,0,9,5,0,0,0,0,0,0,0,0,0,0,0,14,7
"Sills, Juan",DEF,VEL,2000000,0,0,0,0,3,3,0,0,0,0,0,0,8,0,0,14,4.67
"Fredrich, Elvio",VOL,ALB,2800000,0,0,0,0,0,4,0,5,0,0,0,0,0,0,5,14,4.67
"Canales, Gustavo",DEL,ARS,3000000,0,0,0,0,0,0,0,0,0,3,5,2,4,0,0,14,3.5
"Alvarez, Cristian O.",VOL,SMA,3200000,3,0,0,0,0,0,0,0,5,0,0,0,0,0,6,14,4.67
"Caruso, Leandro",DEL,ARG,3700000,3,3,4,4,0,0,0,0,0,0,0,0,0,0,0,14,3.5
"Rolle, Martín",VOL,SLO,5700000,0,0,4,0,2,0,0,4,0,0,0,0,4,0,0,14,3.5
"Romagnoli, Leandro",VOL,SLO,6500000,14,0,0,0,0,0,0,0,0,0,0,0,0,0,0,14,14
"Pérez, Alejandro",DEF,UNI,1900000,0,0,0,2,1,0,0,0,0,0,0,0,3,3,4,13,2.6
"González, Diego",VOL,LAN,2100000,4,0,0,0,0,4,5,0,0,0,0,0,0,0,0,13,4.33
"Velázquez, Leandro",VOL,SMA,2800000,5,4,2,2,0,0,0,0,0,0,0,0,0,0,0,13,3.25
"Menossi, Lucas",VOL,TIG,500000,0,0,0,0,0,0,0,0,4,0,0,0,3,5,0,12,4
"Corti, Leonardo",ARQ,SMA,1300000,0,0,0,0,0,0,0,0,0,0,0,0,0,9,3,12,6
"Lema, Cristian",DEF,QUI,1900000,0,0,0,0,0,0,0,0,0,0,7,0,0,0,5,12,4
"Zbrun, Martín",DEF,ATR,2900000,5,5,2,0,0,0,0,0,0,0,0,0,0,0,0,12,4
"Díaz, Cristian",DEF,NOB,3000000,0,0,0,0,0,5,0,0,0,7,0,0,0,0,0,12,6
"Affranchino, Facundo",VOL,RIV,3000000,0,0,0,0,0,0,5,4,3,0,0,0,0,0,0,12,4
"Vázquez, Fabio",VOL,ARG,300000,0,0,0,0,5,0,0,0,0,0,0,0,0,3,3,11,3.67
"Flores, Franco",DEF,ARG,600000,0,0,0,0,0,8,0,0,0,0,3,0,0,0,0,11,5.5
"Depetris, Leonardo",DEL,ATR,2000000,0,0,0,0,0,0,0,5,6,0,0,0,0,0,0,11,5.5
"Orzán, Horacio",VOL,NOB,2100000,0,0,0,0,0,0,0,0,0,0,0,6,5,0,0,11,5.5
"Machin, Christian",DEF,ATR,2800000,0,6,0,0,0,0,0,0,0,0,2,3,0,0,0,11,3.67
"Sánchez, Matías",VOL,EST,2800000,0,0,0,0,0,3,0,0,5,0,0,0,0,0,3,11,3.67
"González, Silvio",DEL,TIG,4800000,0,0,0,0,0,0,0,0,0,0,2,0,5,0,4,11,3.67
"Montoya M., Santiago",VOL,ALB,300000,0,0,0,0,0,0,0,0,0,0,0,5,0,5,0,10,5
"Salas, Lucas",VOL,SMA,400000,0,5,5,0,0,0,0,0,0,0,0,0,0,0,0,10,5
"Martínez, Francisco",DEF,ALB,1000000,5,0,0,0,0,0,0,0,0,5,0,0,0,0,0,10,5
"Gaona Lugo, Orlando",DEL,BOC,1200000,6,0,0,0,0,4,0,0,0,0,0,0,0,0,0,10,5
"Canuto, Damián",VOL,SMA,1300000,0,5,5,0,0,0,0,0,0,0,0,0,0,0,0,10,5
"Suárez, Guillermo",DEL,SMA,1500000,4,0,0,4,0,0,2,0,0,0,0,0,0,0,0,10,3.33
"Muñoz, Fabián",DEL,NOB,1800000,0,0,0,0,0,0,0,0,0,0,0,0,0,5,5,10,5
"Stefanatto, Darío",VOL,ALB,2300000,0,0,5,0,0,0,0,0,0,0,0,5,0,0,0,10,5
"Cisterna, Diego",VOL,TIG,2500000,0,0,0,0,0,0,0,0,0,0,0,0,6,4,0,10,5
"Mateo, Diego",VOL,NOB,4000000,0,5,0,0,0,0,0,0,0,0,0,5,0,0,0,10,5
"Gentiletti, Santiago",DEF,SLO,4300000,0,0,0,0,0,0,4,0,-3,0,0,5,4,0,0,10,2.5
"Sacks, Joel",DEF,ATR,800000,0,0,0,0,5,0,0,0,0,0,0,0,0,4,0,9,4.5
"Rigamonti, César",ARQ,BEL,800000,0,9,0,0,0,0,0,0,0,0,0,0,0,0,0,9,9
"Cazares, Juan",DEL,RIV,1000000,0,0,0,5,4,0,0,0,0,0,0,0,0,0,0,9,4.5
"Fernández, Alexis",VOL,UNI,1800000,0,4,0,0,5,0,0,0,0,0,0,0,0,0,0,9,4.5
"Sarmiento, Brian",VOL,ARS,2000000,0,5,0,0,0,4,0,0,0,0,0,0,0,0,0,9,4.5
"Córdoba, Jorge",DEL,GOD,2800000,0,0,0,0,0,4,0,0,0,0,0,0,0,0,5,9,4.5
"Fernández, José C.",DEL,ARG,3500000,3,6,0,0,0,0,0,0,0,0,0,0,0,0,0,9,4.5
"González, Mariano",VOL,EST,5200000,0,0,0,0,0,0,0,0,4,0,0,0,0,5,0,9,4.5
"Rescaldani, Ezequiel",DEL,VEL,2600000,0,0,4,0,0,4,0,0,0,0,0,0,0,0,0,8,4
"Lollo, Luciano",DEF,BEL,2700000,0,0,0,0,0,0,0,0,0,0,0,0,0,0,8,8,8
"Tellechea, Emiliano",VOL,SLO,2900000,0,0,0,4,0,0,4,0,0,0,0,0,0,0,0,8,4
"Barrios, Pier M.",DEF,BEL,1100000,5,0,0,0,0,2,0,0,0,0,0,0,0,0,0,7,3.5
"Cáceres, Samuel",DEF,IND,1800000,0,0,0,0,0,0,7,0,0,0,0,0,0,0,0,7,7
"Ortiz, Guillermo",DEF,NOB,2800000,0,0,0,7,0,0,0,0,0,0,0,0,0,0,0,7,7
"Canever, Franco",DEF,ARG,2900000,3,0,4,0,0,0,0,0,0,0,0,0,0,0,0,7,3.5
"Alayes, Agustín",DEF,EST,3000000,5,2,0,0,0,0,0,0,0,0,0,0,0,0,0,7,3.5
"Torres, Diego",DEL,ARS,3300000,0,0,0,0,0,0,2,3,2,0,0,0,0,0,0,7,2.33
"Aued, Luciano",VOL,RAC,3300000,0,0,0,0,2,0,5,0,0,0,0,0,0,0,0,7,3.5
"Sarulyte, Matías",DEF,EST,4000000,0,0,0,0,0,7,0,0,0,0,0,0,0,0,0,7,7
"Evangelista, Fernando",VOL,BOC,500000,0,0,0,2,0,0,0,0,0,0,0,0,0,4,0,6,3
"Niz, Alexis",DEF,ATR,1000000,6,0,0,0,0,0,0,0,0,0,0,0,0,0,0,6,6
"Cuesta, Víctor",DEF,ARS,1700000,0,0,0,0,0,4,2,0,0,0,0,0,0,0,0,6,3
"Furch, Julio",DEL,SLO,3000000,0,0,0,6,0,0,0,0,0,0,0,0,0,0,0,6,6
"Peñalba, Gabriel",VOL,ARG,4000000,0,0,0,0,0,0,0,0,0,0,0,0,0,0,6,6,6
"Gómez, Rodrigo",VOL,ARG,300000,0,0,0,0,0,0,0,0,0,0,5,0,0,0,0,5,5
"Zuqui, Fernando",VOL,GOD,400000,0,0,0,0,0,0,0,0,0,0,5,0,0,0,0,5,5
"Vides, Bruno",DEL,LAN,500000,0,0,0,0,5,0,0,0,0,0,0,0,0,0,0,5,5
"Fraire, Diego",VOL,ATR,1300000,0,0,0,0,0,0,0,0,0,0,0,5,0,0,0,5,5
"Garro, Juan",DEL,GOD,1600000,0,5,0,0,0,0,0,0,0,0,0,0,0,0,0,5,5
"Giménez, Martín",DEL,QUI,2000000,0,0,5,0,0,0,0,0,0,0,0,0,0,0,0,5,5
"Barraza, Julio",DEF,COL,2300000,0,0,0,0,0,0,0,0,0,0,0,0,0,0,5,5,5
"Fosgt, Santiago",DEF,COL,2700000,0,0,0,0,0,0,0,0,0,0,0,0,0,0,5,5,5
"San Román, José",DEF,GOD,2700000,0,0,0,0,0,0,0,0,0,0,0,0,0,0,5,5,5
"Martín, Juan",DEL,BEL,2800000,0,5,0,0,0,0,0,0,0,0,0,0,0,0,0,5,5
"Faccioli, Emir",DEF,COL,2800000,0,0,0,0,0,0,0,0,0,0,0,0,0,0,5,5,5
"Hoyos, Michael",VOL,EST,2800000,5,0,0,0,0,0,0,0,0,0,0,0,0,0,0,5,5
"De Olivera, Jorge",ARQ,RAC,2800000,0,0,0,5,0,0,0,0,0,0,0,0,0,0,0,5,2.5
"Ríos, Leonel",VOL,GOD,3000000,0,0,0,0,0,0,0,0,0,0,0,0,0,0,5,5,5
"Godoy, Fernando",VOL,IND,3000000,0,0,0,0,5,0,0,0,0,0,0,0,0,0,0,5,5
"Casteglione, Carlos",DEF,TIG,3800000,5,0,0,0,0,0,0,0,0,0,0,0,0,0,0,5,5
"Benítez, Leandro",VOL,EST,4100000,0,0,0,2,0,0,0,0,0,0,0,0,3,0,0,5,2.5
"Urruti, Maximiliano",DEL,NOB,4500000,0,0,0,0,5,0,0,0,0,0,0,0,0,0,0,5,5
"Galanternik, Diego",ARQ,RAC,400000,0,0,0,0,0,4,0,0,0,0,0,0,0,0,0,4,4
"Janson, Lucas",DEL,TIG,400000,0,0,0,0,0,0,0,4,0,0,0,0,0,0,0,4,4
"Saveljich, Esteban",DEF,RAC,1000000,4,0,0,0,0,0,0,0,0,0,0,0,0,0,0,4,4
"Capellino, Nicolás",DEL,ATR,1300000,0,0,0,0,0,0,0,0,0,4,0,0,0,0,0,4,4
"Alario, Lucas",DEL,COL,1300000,0,0,0,4,0,0,0,0,0,0,0,0,0,0,0,4,4
"Martínez, Nicolás",DEF,TIG,1300000,0,0,0,0,0,0,4,0,0,0,0,0,0,0,0,4,4
"Verón, Gonzalo",DEL,SLO,1500000,0,0,0,0,0,0,0,0,0,0,0,0,4,0,0,4,4
"Márquez, Fernando",DEL,BEL,2000000,0,0,0,0,0,0,0,0,0,4,0,0,0,0,0,4,4
"Olivero, Emiliano",ARQ,ARS,2500000,0,0,0,0,0,0,0,4,0,0,0,0,0,0,0,4,4
"Albil, Damián",ARQ,TIG,2600000,0,0,0,0,0,0,0,0,0,0,0,0,0,0,4,4,4
"Abecasis, Luciano",DEF,RIV,2700000,0,0,0,0,0,0,4,0,0,0,0,0,0,0,0,4,4
"Cooper, Armando",VOL,GOD,2800000,0,0,0,0,0,0,0,0,0,4,0,0,0,0,0,4,4
"Russo, Roberto",DEF,IND,3000000,0,0,1,3,0,0,0,0,0,0,0,0,0,0,0,4,2
"Vella, Luciano",DEF,RIV,3100000,4,0,0,0,0,0,0,0,0,0,0,0,0,0,0,4,4
"Cellay, Christian",DEF,BOC,3600000,0,0,0,6,0,0,0,0,0,-2,0,0,0,0,0,4,2
"Pérez Guedes, Martín",VOL,RAC,4000000,0,0,0,4,0,0,0,0,0,0,0,0,0,0,0,4,4
"Trejo, Juan M.",DEF,IND,300000,0,0,0,0,0,0,0,3,0,0,0,0,0,0,0,3,3
"Careaga, Juan C.",VOL,ALB,400000,0,0,0,0,0,0,0,0,0,0,0,3,0,0,0,3,3
"Bittolo, Mariano",DEF,VEL,1300000,0,0,0,0,0,0,0,0,3,0,0,0,0,0,0,3,3
"Erramuspe, Rodrigo",DEF,LAN,4300000,3,0,0,0,0,0,0,0,0,0,0,0,0,0,0,3,3
"Sánchez, Sergio",VOL,GOD,1500000,0,0,0,0,0,0,0,0,0,0,0,2,0,0,0,2,2
"Torres, Leandro",VOL,NOB,1700000,0,0,0,0,0,0,0,0,2,0,0,0,0,0,0,2,2
"Gerlo, Danilo",DEF,ARS,3000000,0,0,0,0,0,0,2,0,0,0,0,0,0,0,0,2,2
"Ledesma, Cristian",VOL,RIV,3300000,0,0,0,0,1,0,0,0,0,0,0,0,0,0,0,1,0.5
"Villalba, Lucas",DEF,IND,400000,0,0,0,0,0,0,0,0,0,0,0,0,0,0,0,0,0
"Alvarez, Augusto",VOL,SLO,2800000,0,0,0,0,0,0,0,0,0,0,0,0,0,0,0,0,0
